/*
SQLyog Ultimate v8.55 
MySQL - 5.6.17 : Database - shop
*********************************************************************
*/

/*!40101 SET NAMES utf8 */;

/*!40101 SET SQL_MODE=''*/;

/*!40014 SET @OLD_UNIQUE_CHECKS=@@UNIQUE_CHECKS, UNIQUE_CHECKS=0 */;
/*!40014 SET @OLD_FOREIGN_KEY_CHECKS=@@FOREIGN_KEY_CHECKS, FOREIGN_KEY_CHECKS=0 */;
/*!40101 SET @OLD_SQL_MODE=@@SQL_MODE, SQL_MODE='NO_AUTO_VALUE_ON_ZERO' */;
/*!40111 SET @OLD_SQL_NOTES=@@SQL_NOTES, SQL_NOTES=0 */;
CREATE DATABASE /*!32312 IF NOT EXISTS*/`shop` /*!40100 DEFAULT CHARACTER SET latin1 */;

USE `shop`;

/*Table structure for table `account` */

DROP TABLE IF EXISTS `account`;

CREATE TABLE `account` (
  `accountId` int(11) NOT NULL AUTO_INCREMENT,
  `name` varchar(30) DEFAULT NULL,
  `addressLine1` varchar(50) DEFAULT NULL,
  `addressLine2` varchar(50) DEFAULT NULL,
  `phone` varchar(20) DEFAULT NULL,
  `deleted` tinyint(1) DEFAULT '0',
  `balance` decimal(10,2) DEFAULT '0.00',
  PRIMARY KEY (`accountId`)
) ENGINE=InnoDB AUTO_INCREMENT=9 DEFAULT CHARSET=latin1;

/*Data for the table `account` */

insert  into `account`(`accountId`,`name`,`addressLine1`,`addressLine2`,`phone`,`deleted`,`balance`) values (1,'Dimitri','Dont know where he lives','Dimitri Place','999',0,'7361.61'),(2,'Cleopatra','The Nile','Eqypt','67634328436',1,'0.00'),(3,'Fred','Fred\'s House no5','Fred\'s Road, Dublin 1','5436554777',0,'1100.40'),(4,'tester','testing place','tested','11113243',0,'0.00'),(5,'Mr Fred Flinstone','45 Bed Rock','Gravel Lane','885457643',0,'0.00'),(7,'Mr Superman','25 Glacier Avenue','The North Pole','4546666',0,'0.00'),(8,'freigfreg','gregregre','gregwregre','54325435',1,'0.00');

/*Table structure for table `accountpayment` */

DROP TABLE IF EXISTS `accountpayment`;

CREATE TABLE `accountpayment` (
  `paymentId` int(11) NOT NULL AUTO_INCREMENT,
  `accountId` int(11) DEFAULT NULL,
  `payDate` date DEFAULT NULL,
  `payType` varchar(13) DEFAULT NULL,
  `amount` decimal(10,2) DEFAULT '0.00',
  `comment` varchar(50) DEFAULT '""',
  PRIMARY KEY (`paymentId`)
) ENGINE=InnoDB AUTO_INCREMENT=54 DEFAULT CHARSET=latin1;

/*Data for the table `accountpayment` */

insert  into `accountpayment`(`paymentId`,`accountId`,`payDate`,`payType`,`amount`,`comment`) values (1,1,'2016-01-23','Cash','15.50',''),(2,1,'2016-01-27','Cash','10.10',''),(3,1,'2016-02-13','Credit Card','23.23',''),(4,3,'2016-02-17','Cash','12.90',''),(5,1,'2016-02-28','Cheque','9.99',''),(6,1,'2016-03-03','Cash','5.50',''),(7,1,'2016-03-12','Credit Card','2.00',''),(8,3,'2016-03-22','Cash','33.00',''),(9,1,'2016-03-25','Bank Transfer','39.10',''),(10,1,'2016-03-31','Cash','10.00',''),(11,3,'2016-03-31','Cash','46.20',''),(12,1,'2016-04-01','Credit Card','19.00',''),(13,1,'2016-04-04','Cash','10.00',''),(14,1,'2016-04-06','Cash','2.60',''),(15,1,'2016-04-09','Cash','5.89',''),(16,1,'2016-04-11','Cheque','20.00',''),(17,1,'2016-04-11','Cash','3.20',''),(18,1,'2016-04-13','Bank Transfer','7.89',''),(19,1,'2016-04-17','Cash','25.00',''),(20,1,'2016-04-18','Cash','9.00',''),(21,1,'2016-04-20','Cash','2.86',''),(22,1,'2016-04-22','Cheque','90.00',''),(23,1,'2016-04-26','Cash','23.00',''),(24,1,'2016-04-28','Cash','100.00',''),(25,1,'2016-04-29','Credit Card','250.00',''),(26,1,'2016-05-17','Cash','12.00',''),(27,1,'2016-05-17',NULL,'4.33','Cheque amount paid as a test'),(28,1,'2016-05-17',NULL,'5.00',''),(29,1,'2016-05-17',NULL,'1.11','I transferred a small test amount'),(30,1,'2016-05-17',NULL,'9.99','Credit Card Payment'),(31,1,'2016-05-17',NULL,'1.00','This is a one euro test cheque'),(32,1,'2016-05-17',NULL,'123.00','Transfered 123 euro'),(33,1,'2016-05-17',NULL,'42.50','Heres money out of my pocket!'),(34,1,'2016-05-17',NULL,'10.00','Heres a tenner'),(35,1,'2016-05-17',NULL,'12.99','Cr Card payment of 12.99'),(36,1,'2016-05-17',NULL,'55.55','Transfer 55.55'),(37,1,'2016-05-17',NULL,'3.00',''),(38,1,'2016-05-17',NULL,'7.70','Cheque for 7.70'),(39,1,'2016-05-17',NULL,'2.23','2.23 Cheque amount'),(40,1,'2016-05-17',NULL,'1.99','cash payment 1.99'),(41,1,'2016-05-17',NULL,'3.00','this is 3'),(42,1,'2016-05-17',NULL,'1.00','gdshfdshfd'),(43,1,'2016-05-17',NULL,'11.00','fdsfds'),(44,1,'2016-05-17',NULL,'89.00','tretr'),(45,1,'2016-05-17',NULL,'1.00','frf'),(46,1,'2016-05-17',NULL,'3.00','gfrdgfd'),(47,1,'2016-05-17',NULL,'0.50','change'),(48,1,'2016-05-19',NULL,'200.00','Wrote a cheque for 200'),(49,3,'2016-05-23',NULL,'9.99','Cr Card of 9.99'),(50,1,'2016-06-02','Cheque','96.76','let\'s make it 6k'),(51,3,'2016-06-27','Cash','7.50','change in pocket'),(52,3,'2016-06-27','Cash','8.60','It\'s all he has'),(53,3,'2016-06-27','Cash','24.60','Pay for last invoice');

/*Table structure for table `customer` */

DROP TABLE IF EXISTS `customer`;

CREATE TABLE `customer` (
  `customerID` int(11) NOT NULL AUTO_INCREMENT,
  `name` varchar(30) DEFAULT NULL,
  `addressLine1` varchar(50) DEFAULT NULL,
  `addressLine2` varchar(50) DEFAULT NULL,
  `phone` varchar(20) DEFAULT NULL,
  `deleted` tinyint(1) DEFAULT '0',
  PRIMARY KEY (`customerID`)
) ENGINE=InnoDB AUTO_INCREMENT=57 DEFAULT CHARSET=latin1;

/*Data for the table `customer` */

insert  into `customer`(`customerID`,`name`,`addressLine1`,`addressLine2`,`phone`,`deleted`) values (1,'Mr Joe Bloggs','1 Main Street, Main Road,','Dublin 17','847543632',0),(2,'Rob Forde','29 Arkview Lane','Arkview','4354354',0),(3,'David Plunkett','45 George Street, The Lane','D 12','78253743',0),(4,'Mr Tiny','Little House','Dublin 24','54365476654',0),(5,'Fixer Upper','My House','My Road, Dublin 12','089 9999999',0),(6,'Mr New Man','here, there, everywhere, elsewhere','Dublin 19','3453545',0),(7,'Bob the builder','On TV','Next to the sofa','3432535',0),(8,'Mr New Man','here and there, and nowhere, what','Dublin 19','3453545',1),(9,'Mr Aidan Grace','673 Primrose Grove, Wicklow','D17','87467542',0),(10,'Mr William Oman','655 Primrose Grove, Wicklow','Dublin 17','84765656',0),(11,'Mr Tiny','Little House','Dublin 24','54365476654',0),(12,'Hammer Guy','Hammersford Lane','New HammerShire','657386254',0),(13,'Mr Adhesive','Sticky Place, Sticky Road','Won\'t Move Village','48723764',0),(14,'q1199','q','q','q',0),(15,'Mr Jig Saw','146 Carpenter Close','Carpenter Estate','4324324',0),(16,'f','f','f','f',0),(17,'w','w','w','w',0),(18,'ihgfdhgdfhg','ifhgfdhgfhdg','fhgfdhgfhi','i654654',1),(19,'7','7','7','7',0),(20,'8','8','8','8',0),(21,'0','0','0','0',1),(22,'do','do','do','do',0),(23,'soot','soot','soot','soot',0),(25,'Mr William Oman','655 Primrose Grove, Wexford','Dublin 17','84765656',0),(26,'Mr William Oman','655 Primrose Grove, Wexford','Dublin 17','84765656',0),(38,'Mr Test Quote','Testing address line1','Testing address line2','4565465465',0),(43,'Mr Joe Bloggs','1 Main Street, Main Road,','Dublin 17','847543632',0),(44,'Mr Joe Bloggs','1 Main Street, Main Road,','Dublin 17','847543632',0),(45,'newnew','newnew','newnew','222222222',0),(46,'uyuyuy','grtesgreg','regreg','54435',0),(47,'Mr New Man','Brand New House beside other guy','Brand New Street','87654321',1),(48,'Mr Off the Street','Nowhere','EveryWhere','45366754',0),(49,'Mr Alan Johnson','32 Ardlane Cottages','Pembrook avenue, Co. Wicklow','7643626',0),(50,'Mr James McCarthy','45 Shine Cresent','Belcamp, D15','854543654',0),(51,'Mr James McCarthy','45 Shine Cresent','Belcamp, D15','0853243432',0),(52,'Mr Patrick Down','43 High Block B, The Flats','Dublin 5','4354343',0),(53,'Niall Quinn','54 Sunerland Road','Sunderland','54365434',0),(54,'Ms Joesphine Higgins','23 Tarbuck Avenue','Croichester','43243243',0),(55,'Mr Gerard Dunne','6 Main Road','Nocker Village','654654654',0),(56,'soot','soot','soot','soot',0);

/*Table structure for table `item` */

DROP TABLE IF EXISTS `item`;

CREATE TABLE `item` (
  `itemID` int(11) NOT NULL AUTO_INCREMENT,
  `itemCode` varchar(20) NOT NULL,
  `itemDescription` varchar(60) NOT NULL,
  `retailPrice` decimal(10,2) NOT NULL DEFAULT '0.00',
  `deleted` tinyint(1) DEFAULT '0',
  `costPrice` decimal(10,2) DEFAULT '0.00',
  `tradePrice` decimal(10,2) DEFAULT '0.00',
  `stock` int(11) DEFAULT '0',
  `stockAlert` int(11) DEFAULT '0',
  PRIMARY KEY (`itemID`),
  KEY `itemCodeIdx` (`itemCode`)
) ENGINE=InnoDB AUTO_INCREMENT=47 DEFAULT CHARSET=latin1;

/*Data for the table `item` */

insert  into `item`(`itemID`,`itemCode`,`itemDescription`,`retailPrice`,`deleted`,`costPrice`,`tradePrice`,`stock`,`stockAlert`) values (1,'100-0000','100 - FIRST ITEM','9.99',0,'4.50','6.99',0,0),(2,'100-0001','100 - SECOND ITEM','19.99',0,'15.00','17.00',0,0),(3,'100-0002','100 - THIRD ITEM','29.99',0,'10.00','20.00',0,0),(5,'101-0001','101 - SECOND ITEM','199.99',0,'150.00','170.00',0,0),(6,'101-0002','101 - THIRD ITEM','250.00',0,'125.00','210.00',0,0),(7,'102-0000','102 - FIRST ITEM','99.99',0,'0.00','0.00',0,0),(8,'102-0001','102 - SECOND ITEM','199.99',0,'0.00','0.00',0,0),(9,'102-0002','102 - THIRD ITEM','259.99',0,'0.00','0.00',0,0),(13,'104-0001','104 - SECOND ITEM','399.99',0,'0.00','0.00',0,0),(16,'104-0002','104 - THIRD ITEM','599.99',0,'0.00','0.00',0,0),(17,'105-0000','105 - FIRST ITEM','5.00',0,'0.00','0.00',0,0),(18,'105-0001','105 - SECOND ITEM','25.99',0,'0.00','0.00',0,0),(20,'103-0000','103 - FIRST ITEM','229.99',0,'0.00','0.00',0,0),(21,'103-0001','103 - SECOND ITEM','29.50',0,'0.00','0.00',0,0),(22,'103-0002','103 - THIRD ITEM','39.99',1,'0.00','0.00',0,0),(24,'105-0002','105 - THIRD ITEM','1000.00',0,'0.00','0.00',0,0),(25,'106-0000','106 - FIRST ITEM','10000.50',0,'0.00','0.00',0,0),(27,'106-0001','106 - SECOND ITEM','4.35',0,'0.00','0.00',0,0),(29,'107-0000','107 - FIRST ITEM','84.00',0,'0.00','0.00',0,0),(30,'107-0001','107 - SECOND ITEM','50.50',0,'0.00','0.00',0,0),(33,'106-0002','106 - THIRD ITEM','39.99',0,'0.00','0.00',0,0),(35,'101-0000','101 - FIRST ITEM','10.99',0,'5.50','8.00',0,0),(36,'101test','101 - TEST PRODUCT','99.90',1,'0.00','0.00',0,0),(37,'108-test','108 - TEST PRODUCT','100.90',1,'0.00','0.00',0,0),(38,'101-zzzz','101 - AAAAA','1234.50',1,'0.00','0.00',0,0),(39,'108-0000','108 - FIRST ITEM','91.10',0,'0.00','0.00',0,0),(40,'107-000','DUMMY PRODUCT','15.55',1,'10.00','12.00',0,0),(41,'107-0002','107 - THIRD ITEM','16.00',0,'10.00','14.00',0,0),(42,'108-0001','108 - SECOND ITEMTRHTRHT','400.10',1,'300.10','200.00',0,0),(43,'108-0001','108 - SECOND ITEMTRHTRHT','400.10',1,'300.10','200.00',0,0),(44,'108-0002','108 - THIRD ITEM','102.99',1,'60.00','82.50',0,0),(45,'108-0003','108 - FOURTH ITEM','17.50',1,'9.99','13.99',0,0),(46,'108-0001','108 - SECOND ITEM','200.00',0,'100.00','150.00',0,0);

/*Table structure for table `orderdetail` */

DROP TABLE IF EXISTS `orderdetail`;

CREATE TABLE `orderdetail` (
  `receiptNo` int(11) NOT NULL,
  `lineNo` int(11) NOT NULL,
  `itemCode` varchar(20) NOT NULL,
  `itemDescription` varchar(60) DEFAULT NULL,
  `qty` int(11) NOT NULL,
  `price` decimal(10,2) DEFAULT '0.00' COMMENT 'price for general customers',
  `tradePrice` decimal(10,2) DEFAULT '0.00' COMMENT 'trade price for traders',
  `valueExDiscount` decimal(10,2) DEFAULT '0.00' COMMENT 'qty*price',
  `discPercent` decimal(10,2) DEFAULT '0.00' COMMENT 'percentage discount to apply',
  `discValue` decimal(10,2) DEFAULT '0.00' COMMENT 'value of discount',
  `valueExVat` decimal(10,2) DEFAULT '0.00' COMMENT '(qty * the price) - discount',
  `costPrice` decimal(10,2) DEFAULT '0.00',
  `refundedValue` decimal(10,2) DEFAULT '0.00' COMMENT 'If line refunded',
  PRIMARY KEY (`receiptNo`,`lineNo`),
  UNIQUE KEY `receiptNo_UNIQUE` (`receiptNo`,`lineNo`)
) ENGINE=InnoDB DEFAULT CHARSET=latin1;

/*Data for the table `orderdetail` */

insert  into `orderdetail`(`receiptNo`,`lineNo`,`itemCode`,`itemDescription`,`qty`,`price`,`tradePrice`,`valueExDiscount`,`discPercent`,`discValue`,`valueExVat`,`costPrice`,`refundedValue`) values (0,1,'100-0001','100 - SECOND ITEM',1,'19.99','17.00','19.99','1.00','0.20','19.79','15.00','0.00'),(1,1,'100-0000','100 - FIRST ITEM',1,'9.99','6.99','9.99','1.00','0.10','9.89','4.50','0.00'),(1,2,'100-0001','100 - SECOND ITEM',1,'19.99','17.00','19.99','1.00','0.20','19.79','15.00','0.00'),(1,3,'100-0002','100 - THIRD ITEM',1,'29.99','20.00','29.99','1.00','0.30','29.69','10.00','0.00'),(2,1,'100-0000','100 - FIRST ITEM',2,'9.99','6.99','19.98','2.00','0.40','19.58','9.00','0.00'),(2,2,'100-0001','100 - SECOND ITEM',2,'19.99','17.00','39.98','2.00','0.80','39.18','30.00','0.00'),(2,3,'100-0002','100 - THIRD ITEM',2,'29.99','20.00','59.98','2.00','1.20','58.78','20.00','0.00'),(3,1,'100-0000','100 - FIRST ITEM',1,'9.99','6.99','9.99','0.00','0.00','9.99','0.00','0.00'),(3,2,'100-0001','100 - SECOND ITEM',1,'19.99','17.00','19.99','0.00','0.00','19.99','0.00','0.00'),(3,3,'100-0002','100 - THIRD ITEM',1,'29.99','20.00','29.99','0.00','0.00','29.99','0.00','0.00'),(4,1,'100-0000','100 - FIRST ITEM',0,'9.99','6.99','0.00','0.00','0.00','0.00','4.50','12.29'),(4,2,'100-0002','100 - THIRD ITEM',0,'29.99','20.00','0.00','0.00','0.00','0.00','10.00','36.89'),(5,1,'100-0001','100 - SECOND ITEM',3,'19.99','17.00','59.97','7.00','4.20','55.77','45.00','22.87'),(5,2,'100-0002','100 - THIRD ITEM',4,'29.99','20.00','119.96','7.00','8.40','111.56','40.00','0.00'),(6,1,'100-0000','100 - FIRST ITEM',1,'6.99','0.00','6.99','0.00','0.00','6.99',NULL,'0.00'),(7,1,'100-0002','100 - THIRD ITEM',11,'20.00','0.00','220.00','0.00','0.00','220.00',NULL,'0.00'),(7,2,'100-0001','100 - SECOND ITEM',11,'17.00','0.00','187.00','0.00','0.00','187.00',NULL,'0.00'),(8,1,'100-0000','100 - FIRST ITEM',8,'6.99','0.00','55.92','0.00','0.00','55.92',NULL,'0.00'),(10,1,'100-0001','100 - SECOND ITEM',11,'19.99','17.00','219.89','0.00','0.00','219.89','165.00','0.00'),(12,1,'100-0001','100 - SECOND ITEM',2,'19.99','17.00','39.98','0.00','0.00','39.98','30.00','0.00'),(12,2,'100-0002','100 - THIRD ITEM',1,'29.99','20.00','29.99','0.00','0.00','29.99','10.00','0.00'),(13,1,'100-0002','100 - THIRD ITEM',4,'20.00','0.00','80.00','0.00','0.00','80.00','40.00','0.00'),(13,2,'100-0001','100 - SECOND ITEM',4,'17.00','0.00','68.00','0.00','0.00','68.00','60.00','0.00'),(14,1,'100-0000','100 - FIRST ITEM',20,'6.99','0.00','139.80','0.00','0.00','139.80','90.00','0.00'),(14,2,'100-0001','100 - SECOND ITEM',25,'17.00','0.00','425.00','0.00','0.00','425.00','375.00','0.00'),(15,1,'100-0002','100 - THIRD ITEM',5,'20.00','0.00','100.00','0.00','0.00','100.00','50.00','0.00'),(15,2,'100-0001','100 - SECOND ITEM',8,'17.00','0.00','136.00','0.00','0.00','136.00','120.00','0.00'),(16,1,'100-0001','100 - SECOND ITEM',1,'17.00','0.00','17.00','0.00','0.00','17.00','15.00','0.00'),(17,1,'100-0000','100 - FIRST ITEM',1,'9.99','6.99','9.99','1.00','0.10','9.89','4.50','0.00'),(18,1,'100-0001','100 - SECOND ITEM',1,'17.00','0.00','17.00','0.00','0.00','17.00','15.00','0.00'),(19,1,'100-0001','100 - SECOND ITEM',2,'17.00','0.00','34.00','0.00','0.00','34.00','30.00','0.00'),(20,1,'100-0000','100 - FIRST ITEM',1,'6.99','0.00','6.99','0.00','0.00','6.99','4.50','0.00'),(20,2,'100-0001','100 - SECOND ITEM',2,'17.00','0.00','34.00','0.00','0.00','34.00','30.00','0.00'),(20,3,'100-0002','100 - THIRD ITEM',20,'20.00','0.00','400.00','0.00','0.00','400.00','200.00','0.00'),(21,1,'100-0001','100 - SECOND ITEM',3,'17.00','0.00','51.00','0.00','0.00','51.00','45.00','0.00'),(21,2,'100-0001','100 - SECOND ITEM',39,'17.00','0.00','663.00','0.00','0.00','663.00','585.00','20.91'),(22,1,'101-0000','101 - FIRST ITEM',1,'8.00','0.00','8.00','0.00','0.00','8.00','5.50','0.00'),(23,1,'101-0000','101 - FIRST ITEM',1,'8.00','0.00','8.00','0.00','0.00','8.00','5.50','0.00'),(24,1,'100-0000','100 - FIRST ITEM',1,'9.99','6.99','9.99','1.00','0.10','9.89','4.50','0.00'),(25,1,'100-0002','100 - THIRD ITEM',1,'29.99','20.00','29.99','1.00','0.30','29.69','10.00','0.00'),(26,1,'101-0002','101 - THIRD ITEM',1,'210.00','0.00','210.00','0.00','0.00','210.00','125.00','0.00'),(27,1,'101-0002','101 - THIRD ITEM',1,'210.00','0.00','210.00','0.00','0.00','210.00','125.00','0.00'),(28,1,'101-0002','101 - THIRD ITEM',1,'210.00','0.00','210.00','0.00','0.00','210.00','125.00','0.00'),(29,1,'100-0000','100 - FIRST ITEM',1,'6.99','0.00','6.99','0.00','0.00','6.99','4.50','0.00'),(30,1,'100-0000','100 - FIRST ITEM',1,'6.99','0.00','6.99','0.00','0.00','6.99','4.50','0.00'),(31,1,'100-0000','100 - FIRST ITEM',1,'6.99','0.00','6.99','0.00','0.00','6.99','4.50','0.00'),(32,1,'100-0000','100 - FIRST ITEM',1,'6.99','0.00','6.99','0.00','0.00','6.99','4.50','0.00'),(33,1,'100-0000','100 - FIRST ITEM',1,'6.99','0.00','6.99','0.00','0.00','6.99','4.50','0.00'),(34,1,'100-0000','100 - FIRST ITEM',1,'6.99','0.00','6.99','0.00','0.00','6.99','4.50','0.00'),(35,1,'101-0002','101 - THIRD ITEM',1,'210.00','0.00','210.00','0.00','0.00','210.00','125.00','0.00'),(36,1,'100-0002','100 - THIRD ITEM',1,'20.00','0.00','20.00','0.00','0.00','20.00','10.00','0.00'),(38,1,'100-0000','100 - FIRST ITEM',1,'9.99','6.99','9.99','4.00','0.40','9.59','4.50','35.40'),(38,2,'100-0001','100 - SECOND ITEM',1,'19.99','17.00','19.99','4.00','0.80','19.19','15.00','70.80'),(38,3,'100-0002','100 - THIRD ITEM',1,'29.99','20.00','29.99','4.00','1.20','28.79','10.00','106.23'),(39,1,'100-0000','100 - FIRST ITEM',1,'6.99','0.00','6.99','0.00','0.00','6.99','4.50','0.00'),(40,1,'100-0001','100 - SECOND ITEM',1,'17.00','0.00','17.00','0.00','0.00','17.00','15.00','0.00'),(41,1,'100-0002','100 - THIRD ITEM',1,'20.00','0.00','20.00','0.00','0.00','20.00','10.00','0.00'),(42,1,'100-0000','100 - FIRST ITEM',1,'9.99','6.99','9.99','1.00','0.10','9.89','4.50','0.00'),(43,1,'101-0000','101 - FIRST ITEM',1,'8.00','0.00','8.00','0.00','0.00','8.00','5.50','0.00'),(43,2,'101-0001','101 - SECOND ITEM',1,'170.00','0.00','170.00','0.00','0.00','170.00','150.00','0.00'),(43,3,'101-0002','101 - THIRD ITEM',1,'210.00','0.00','210.00','0.00','0.00','210.00','125.00','0.00'),(44,1,'101-0000','101 - FIRST ITEM',1,'8.00','0.00','8.00','0.00','0.00','8.00','5.50','0.00'),(45,1,'100-0002','100 - THIRD ITEM',1,'20.00','0.00','20.00','0.00','0.00','20.00','10.00','0.00'),(46,1,'101-0000','101 - FIRST ITEM',1,'8.00','0.00','8.00','0.00','0.00','8.00','5.50','0.00'),(47,1,'100-0000','100 - FIRST ITEM',1,'6.99','0.00','6.99','0.00','0.00','6.99','4.50','0.00'),(48,1,'100-0001','100 - SECOND ITEM',1,'19.99','17.00','19.99','1.00','0.20','19.79','15.00','0.00'),(49,1,'100-0001','100 - SECOND ITEM',1,'17.00','0.00','17.00','0.00','0.00','17.00','15.00','0.00'),(50,1,'101-0000','101 - FIRST ITEM',1,'8.00','0.00','8.00','0.00','0.00','8.00','5.50','0.00'),(51,1,'100-0001','100 - SECOND ITEM',1,'19.99','17.00','19.99','1.00','0.20','19.79','15.00','0.00'),(52,1,'100-0002','100 - THIRD ITEM',1,'29.99','20.00','29.99','1.00','0.30','29.69','10.00','0.00'),(53,1,'100-0000','100 - FIRST ITEM',1,'6.99','0.00','6.99','0.00','0.00','6.99','4.50','0.00'),(53,2,'100-0001','100 - SECOND ITEM',22,'17.00','0.00','374.00','0.00','0.00','374.00','330.00','0.00'),(54,1,'101-0001','101 - SECOND ITEM',1,'170.00','0.00','170.00','0.00','0.00','170.00','150.00','0.00'),(55,1,'101-0001','101 - SECOND ITEM',1,'170.00','0.00','170.00','0.00','0.00','170.00','150.00','0.00'),(55,2,'101-0002','101 - THIRD ITEM',4,'210.00','0.00','840.00','0.00','0.00','840.00','500.00','258.30'),(56,1,'101-0001','101 - SECOND ITEM',1,'170.00','0.00','170.00','0.00','0.00','170.00','150.00','0.00'),(57,1,'101-0001','101 - SECOND ITEM',1,'170.00','0.00','170.00','0.00','0.00','170.00','150.00','0.00'),(58,1,'101-0001','101 - SECOND ITEM',1,'170.00','0.00','170.00','0.00','0.00','170.00','150.00','0.00'),(59,1,'100-0001','100 - SECOND ITEM',1,'17.00','0.00','17.00','0.00','0.00','17.00','15.00','0.00'),(60,1,'100-0000','100 - FIRST ITEM',8,'6.99','0.00','55.92','0.00','0.00','55.92','36.00','0.00'),(60,2,'100-0000','100 - FIRST ITEM',23,'6.99','0.00','160.77','0.00','0.00','160.77','103.50','0.00'),(60,3,'100-0000','100 - FIRST ITEM',0,'6.99','0.00','0.00','0.00','0.00','0.00','4.50','8.60'),(60,4,'100-0000','100 - FIRST ITEM',1,'6.99','0.00','6.99','0.00','0.00','6.99','4.50','0.00'),(60,5,'100-0000','100 - FIRST ITEM',10,'6.99','0.00','69.90','0.00','0.00','69.90','49.50','8.60'),(61,1,'100-0000','100 - FIRST ITEM',1,'6.99','0.00','6.99','0.00','0.00','6.99','4.50','0.00'),(61,2,'100-0000','100 - FIRST ITEM',1,'6.99','0.00','6.99','0.00','0.00','6.99','4.50','0.00'),(62,1,'101-0001','101 - SECOND ITEM',1,'170.00','0.00','170.00','0.00','0.00','170.00','150.00','0.00'),(62,2,'100-0000','100 - FIRST ITEM',1,'6.99','0.00','6.99','0.00','0.00','6.99','4.50','0.00'),(62,3,'100-0000','100 - FIRST ITEM',1,'6.99','0.00','6.99','0.00','0.00','6.99','4.50','0.00'),(63,1,'100-0000','100 - FIRST ITEM',1,'6.99','0.00','6.99','0.00','0.00','6.99','4.50','0.00'),(64,1,'100-0000','100 - FIRST ITEM',1,'6.99','0.00','6.99','0.00','0.00','6.99','4.50','0.00'),(64,2,'100-0001','100 - SECOND ITEM',1,'17.00','0.00','17.00','0.00','0.00','17.00','15.00','0.00'),(64,3,'100-0000','100 - FIRST ITEM',1,'6.99','0.00','6.99','0.00','0.00','6.99','4.50','0.00'),(65,1,'100-0000','100 - FIRST ITEM',1,'6.99','0.00','6.99','0.00','0.00','6.99','4.50','0.00'),(66,1,'100-0000','100 - FIRST ITEM',1,'6.99','0.00','6.99','0.00','0.00','6.99','4.50','0.00'),(67,1,'101-0001','101 - SECOND ITEM',1,'170.00','0.00','170.00','0.00','0.00','170.00','150.00','0.00'),(67,2,'100-0000','100 - FIRST ITEM',1,'6.99','0.00','6.99','0.00','0.00','6.99','4.50','0.00'),(68,1,'100-0000','100 - FIRST ITEM',1,'6.99','0.00','6.99','0.00','0.00','6.99','4.50','0.00'),(69,1,'100-0000','100 - FIRST ITEM',1,'6.99','0.00','6.99','0.00','0.00','6.99','4.50','0.00'),(70,1,'100-0001','100 - SECOND ITEM',1,'17.00','0.00','17.00','0.00','0.00','17.00','15.00','0.00'),(71,1,'100-0000','100 - FIRST ITEM',1,'6.99','0.00','6.99','0.00','0.00','6.99','4.50','0.00'),(72,1,'100-0001','100 - SECOND ITEM',1,'17.00','0.00','17.00','0.00','0.00','17.00','15.00','0.00'),(72,2,'100-0001','100 - SECOND ITEM',1,'17.00','0.00','17.00','0.00','0.00','17.00','15.00','0.00'),(73,1,'100-0001','100 - SECOND ITEM',1,'17.00','0.00','17.00','0.00','0.00','17.00','15.00','0.00'),(73,2,'100-0001','100 - SECOND ITEM',1,'17.00','0.00','17.00','0.00','0.00','17.00','15.00','0.00'),(74,1,'100-0001','100 - SECOND ITEM',1,'17.00','0.00','17.00','0.00','0.00','17.00','15.00','0.00'),(75,1,'100-0002','100 - THIRD ITEM',1,'20.00','0.00','20.00','0.00','0.00','20.00','10.00','0.00'),(75,2,'100-0000','100 - FIRST ITEM',1,'6.99','0.00','6.99','0.00','0.00','6.99','4.50','0.00'),(75,3,'100-0000','100 - FIRST ITEM',1,'6.99','0.00','6.99','0.00','0.00','6.99','4.50','0.00'),(75,4,'101-0001','101 - SECOND ITEM',1,'170.00','0.00','170.00','0.00','0.00','170.00','150.00','0.00'),(76,1,'100-0000','100 - FIRST ITEM',1,'6.99','0.00','6.99','0.00','0.00','6.99','4.50','0.00'),(76,2,'100-0002','100 - THIRD ITEM',1,'20.00','0.00','20.00','0.00','0.00','20.00','10.00','0.00'),(77,1,'100-0001','100 - SECOND ITEM',1,'17.00','0.00','17.00','0.00','0.00','17.00','15.00','0.00'),(78,1,'100-0000','100 - FIRST ITEM',1,'6.99','0.00','6.99','0.00','0.00','6.99','4.50','0.00'),(79,1,'100-0000','100 - FIRST ITEM',1,'6.99','0.00','6.99','0.00','0.00','6.99','4.50','0.00'),(80,1,'100-0000','100 - FIRST ITEM',1,'6.99','0.00','6.99','0.00','0.00','6.99','4.50','0.00'),(81,1,'100-0000','100 - FIRST ITEM',1,'6.99','0.00','6.99','0.00','0.00','6.99','4.50','0.00'),(82,1,'100-0002','100 - THIRD ITEM',1,'29.99','20.00','29.99','1.00','0.30','29.69','10.00','0.00'),(83,1,'101-0000','101 - FIRST ITEM',1,'10.99','8.00','10.99','4.00','0.44','10.55','5.50','0.00'),(84,1,'100-0001','100 - SECOND ITEM',1,'17.00','0.00','17.00','0.00','0.00','17.00','15.00','0.00'),(85,1,'100-0000','100 - FIRST ITEM',111,'6.99','0.00','775.89','0.00','0.00','775.89','499.50','0.00'),(86,1,'100-0002','100 - THIRD ITEM',27,'20.00','0.00','540.00','0.00','0.00','540.00','270.00','0.00'),(87,1,'100-0002','100 - THIRD ITEM',5,'20.00','0.00','100.00','0.00','0.00','100.00','50.00','0.00'),(87,2,'100-0001','100 - SECOND ITEM',8,'17.00','0.00','136.00','0.00','0.00','136.00','120.00','0.00'),(88,1,'100-0000','100 - FIRST ITEM',4,'9.99','6.99','39.96','4.00','1.60','38.36','18.00','0.00'),(88,2,'100-0001','100 - SECOND ITEM',4,'19.99','17.00','79.96','4.00','3.20','76.76','60.00','0.00'),(88,3,'100-0002','100 - THIRD ITEM',4,'29.99','20.00','119.96','4.00','4.80','115.16','40.00','0.00'),(89,1,'100-0000','100 - FIRST ITEM',1,'9.99','6.99','9.99','2.00','0.20','9.79','4.50','0.00'),(90,1,'100-0002','100 - THIRD ITEM',1,'29.99','20.00','29.99','23.00','6.90','23.09','10.00','0.00'),(91,1,'100-0002','100 - THIRD ITEM',1,'29.99','20.00','29.99','2.00','0.60','29.39','10.00','0.00'),(92,1,'101-0000','101 - FIRST ITEM',1,'10.99','8.00','10.99','1.00','0.11','10.88','5.50','0.00'),(93,1,'100-0001','100 - SECOND ITEM',1,'19.99','17.00','19.99','1.00','0.20','19.79','15.00','0.00'),(94,1,'100-0001','100 - SECOND ITEM',1,'17.00','0.00','17.00','0.00','0.00','17.00','15.00','0.00'),(95,1,'100-0000','100 - FIRST ITEM',1,'6.99','0.00','6.99','0.00','0.00','6.99','4.50','0.00'),(96,1,'100-0000','100 - FIRST ITEM',1,'6.99','0.00','6.99','0.00','0.00','6.99','4.50','0.00'),(97,1,'100-0000','100 - FIRST ITEM',1,'6.99','0.00','6.99','0.00','0.00','6.99','4.50','0.00'),(99,1,'100-0001','100 - SECOND ITEM',1,'19.99','17.00','19.99','3.00','0.60','19.39','15.00','0.00'),(99,2,'101-0002','101 - THIRD ITEM',1,'250.00','210.00','250.00','10.00','25.00','225.00','125.00','0.00'),(100,1,'100-0000','100 - FIRST ITEM',1,'9.99','6.99','9.99','1.00','0.10','9.89','4.50','0.00'),(100,2,'100-0001','100 - SECOND ITEM',2,'19.99','17.00','39.98','2.00','0.80','39.18','30.00','0.00'),(100,3,'100-0002','100 - THIRD ITEM',3,'29.99','20.00','89.97','3.00','2.70','87.27','30.00','0.00'),(101,0,'100-0000','100 - FIRST ITEM',1,'9.99','6.99','9.99','0.00','0.00','9.99','4.50','0.00'),(101,1,'100-0001','100 - SECOND ITEM',1,'19.99','17.00','19.99','0.00','0.00','19.99','15.00','0.00'),(101,2,'100-0002','100 - THIRD ITEM',1,'29.99','20.00','29.99','0.00','0.00','29.99','10.00','0.00'),(102,0,'100-0000','100 - FIRST ITEM',1,'9.99','6.99','9.99','0.00','0.00','9.99','4.50','0.00'),(102,1,'100-0001','100 - SECOND ITEM',1,'19.99','17.00','19.99','0.00','0.00','19.99','15.00','0.00'),(103,1,'100-0000','100 - FIRST ITEM',1,'9.99','6.99','9.99','0.00','0.00','9.99','4.50','0.00'),(104,0,'100-0000','100 - FIRST ITEM',1,'9.99','6.99','9.99','0.00','0.00','9.99','4.50','0.00'),(104,1,'100-0002','100 - THIRD ITEM',1,'29.99','20.00','29.99','0.00','0.00','29.99','10.00','0.00'),(105,0,'100-0000','100 - FIRST ITEM',1,'9.99','6.99','9.99','0.00','0.00','9.99','4.50','0.00'),(106,0,'100-0001','100 - SECOND ITEM',1,'19.99','17.00','19.99','1.00','0.20','19.79','15.00','0.00'),(107,1,'100-0000','100 - FIRST ITEM',1,'6.99','0.00','6.99','0.00','0.00','6.99','4.50','0.00'),(108,0,'100-0001','100 - SECOND ITEM',1,'19.99','17.00','19.99','1.00','0.20','19.79','15.00','0.00'),(109,1,'101-0000','101 - FIRST ITEM',2,'8.00','0.00','16.00','0.00','0.00','16.00','11.00','0.00'),(110,0,'100-0000','100 - FIRST ITEM',1,'9.99','6.99','9.99','1.00','0.10','9.89','4.50','0.00'),(110,1,'101-0000','101 - FIRST ITEM',1,'10.99','8.00','10.99','4.00','0.44','10.55','5.50','0.00'),(111,1,'100-0002','100 - THIRD ITEM',1,'20.00','0.00','20.00','0.00','0.00','20.00','10.00','0.00'),(111,2,'101-0001','101 - SECOND ITEM',1,'170.00','0.00','170.00','0.00','0.00','170.00','150.00','0.00'),(111,3,'100-0000','100 - FIRST ITEM',5,'6.99','0.00','34.95','0.00','0.00','34.95','22.50','0.00'),(112,0,'100-0000','100 - FIRST ITEM',1,'6.99','0.00','6.99','0.00','0.00','6.99','4.50','0.00'),(112,1,'100-0001','100 - SECOND ITEM',1,'17.00','0.00','17.00','0.00','0.00','17.00','15.00','0.00'),(112,2,'100-0002','100 - THIRD ITEM',1,'20.00','0.00','20.00','0.00','0.00','20.00','10.00','0.00'),(113,0,'100-0000','100 - FIRST ITEM',1,'6.99','0.00','6.99','0.00','0.00','6.99','4.50','0.00'),(113,1,'100-0001','100 - SECOND ITEM',1,'17.00','0.00','17.00','0.00','0.00','17.00','15.00','0.00'),(113,2,'100-0002','100 - THIRD ITEM',1,'20.00','0.00','20.00','0.00','0.00','20.00','10.00','0.00'),(114,0,'100-0000','100 - FIRST ITEM',1,'6.99','0.00','6.99','0.00','0.00','6.99','4.50','0.00'),(114,1,'100-0002','100 - THIRD ITEM',3,'20.00','0.00','60.00','0.00','0.00','60.00','30.00','0.00'),(114,2,'101-0000','101 - FIRST ITEM',4,'8.00','0.00','32.00','0.00','0.00','32.00','22.00','0.00'),(115,0,'100-0000','100 - FIRST ITEM',1,'6.99','0.00','6.99','0.00','0.00','6.99','4.50','0.00'),(116,0,'100-0000','100 - FIRST ITEM',1,'9.99','6.99','9.99','0.00','0.00','9.99','4.50','0.00'),(116,1,'100-0001','100 - SECOND ITEM',2,'19.99','17.00','39.98','0.00','0.00','39.98','30.00','0.00'),(116,2,'100-0002','100 - THIRD ITEM',3,'29.99','20.00','89.97','0.00','0.00','89.97','30.00','0.00'),(117,1,'100-0000','100 - FIRST ITEM',1,'6.99','0.00','6.99','0.00','0.00','6.99','4.50','0.00'),(117,2,'100-0001','100 - SECOND ITEM',1,'17.00','0.00','17.00','0.00','0.00','17.00','15.00','0.00'),(117,3,'100-0002','100 - THIRD ITEM',1,'20.00','0.00','20.00','0.00','0.00','20.00','10.00','0.00'),(118,1,'100-0000','100 - FIRST ITEM',1,'9.99','6.99','9.99','0.00','0.00','9.99','4.50','0.00'),(118,2,'100-0001','100 - SECOND ITEM',2,'19.99','17.00','39.98','0.00','0.00','39.98','30.00','0.00'),(118,3,'100-0002','100 - THIRD ITEM',3,'29.99','20.00','89.97','10.00','9.00','80.97','30.00','0.00'),(119,1,'100-0000','100 - FIRST ITEM',2,'6.99','0.00','13.98','0.00','0.00','13.98','9.00','0.00'),(120,1,'100-0000','100 - FIRST ITEM',1,'9.99','6.99','9.99','0.00','0.00','9.99','4.50','0.00'),(120,2,'100-0001','100 - SECOND ITEM',2,'19.99','17.00','39.98','0.00','0.00','39.98','30.00','0.00'),(120,3,'100-0002','100 - THIRD ITEM',3,'29.99','20.00','89.97','10.00','9.00','80.97','30.00','0.00'),(121,1,'100-0000','100 - FIRST ITEM',0,'9.99','6.99','0.00','0.00','0.00','0.00','0.00','12.29'),(121,2,'100-0001','100 - SECOND ITEM',1,'19.99','17.00','19.99','0.00','0.00','19.99','15.00','24.59'),(121,3,'100-0002','100 - THIRD ITEM',2,'29.99','20.00','59.98','10.00','6.00','53.98','20.00','33.20'),(122,1,'100-0000','100 - FIRST ITEM',1,'9.99','6.99','9.99','0.00','0.00','9.99','4.50','0.00'),(122,2,'100-0001','100 - SECOND ITEM',2,'19.99','17.00','39.98','0.00','0.00','39.98','30.00','0.00'),(122,3,'100-0002','100 - THIRD ITEM',3,'29.99','20.00','89.97','10.00','9.00','80.97','30.00','0.00'),(123,1,'100-0000','100 - FIRST ITEM',1,'9.99','6.99','9.99','0.00','0.00','9.99','4.50','0.00'),(123,2,'100-0001','100 - SECOND ITEM',2,'19.99','17.00','39.98','0.00','0.00','39.98','30.00','0.00'),(123,3,'100-0002','100 - THIRD ITEM',3,'29.99','20.00','89.97','10.00','9.00','80.97','30.00','0.00'),(124,1,'100-0000','100 - FIRST ITEM',1,'9.99','6.99','9.99','0.00','0.00','9.99','4.50','0.00'),(124,2,'100-0001','100 - SECOND ITEM',2,'19.99','17.00','39.98','0.00','0.00','39.98','30.00','0.00'),(124,3,'100-0002','100 - THIRD ITEM',3,'29.99','20.00','89.97','10.00','9.00','80.97','30.00','0.00'),(125,1,'100-0000','100 - FIRST ITEM',0,'9.99','6.99','0.00','0.00','0.00','0.00','0.00','12.29'),(125,2,'100-0001','100 - SECOND ITEM',2,'19.99','17.00','39.98','0.00','0.00','39.98','30.00','0.00'),(125,3,'100-0002','100 - THIRD ITEM',3,'29.99','20.00','89.97','10.00','9.00','80.97','30.00','0.00'),(126,1,'100-0000','100 - FIRST ITEM',0,'9.99','6.99','0.00','0.00','0.00','0.00','0.00','12.29'),(126,2,'100-0001','100 - SECOND ITEM',1,'19.99','17.00','19.99','0.00','0.00','19.99','0.00','24.59'),(126,3,'100-0002','100 - THIRD ITEM',2,'29.99','20.00','59.98','10.00','6.00','53.98','0.00','33.20'),(127,1,'100-0000','100 - FIRST ITEM',1,'9.99','6.99','9.99','0.00','0.00','9.99','4.50','0.00'),(127,2,'100-0001','100 - SECOND ITEM',2,'19.99','17.00','39.98','0.00','0.00','39.98','30.00','0.00'),(127,3,'100-0002','100 - THIRD ITEM',3,'29.99','20.00','89.97','10.00','9.00','80.97','30.00','0.00'),(128,1,'100-0000','100 - FIRST ITEM',0,'9.99','6.99','0.00','0.00','0.00','0.00','0.00','12.29'),(128,2,'100-0001','100 - SECOND ITEM',1,'19.99','17.00','19.99','0.00','0.00','19.99','15.00','24.59'),(128,3,'100-0002','100 - THIRD ITEM',2,'29.99','20.00','59.98','10.00','6.00','53.98','20.00','33.20'),(129,1,'100-0000','100 - FIRST ITEM',1,'9.99','6.99','9.99','4.00','0.40','9.59','4.50','0.00'),(130,1,'100-0000','100 - FIRST ITEM',1,'6.99','0.00','6.99','0.00','0.00','6.99','4.50','0.00'),(131,1,'100-0001','100 - SECOND ITEM',1,'17.00','0.00','17.00','0.00','0.00','17.00','15.00','0.00'),(131,2,'100-0002','100 - THIRD ITEM',2,'20.00','0.00','40.00','0.00','0.00','40.00','20.00','0.00'),(131,3,'101-0001','101 - SECOND ITEM',3,'170.00','0.00','510.00','0.00','0.00','510.00','450.00','0.00'),(132,1,'100-0000','100 - FIRST ITEM',1,'6.99','0.00','6.99','0.00','0.00','6.99','4.50','0.00'),(133,1,'100-0001','100 - SECOND ITEM',1,'17.00','0.00','17.00','0.00','0.00','17.00','15.00','0.00'),(134,1,'100-0000','100 - FIRST ITEM',22,'6.99','0.00','153.78','0.00','0.00','153.78','99.00','0.00'),(135,1,'100-0002','100 - THIRD ITEM',1,'20.00','0.00','20.00','0.00','0.00','20.00','10.00','0.00'),(136,1,'100-0000','100 - FIRST ITEM',1,'6.99','0.00','6.99','0.00','0.00','6.99','4.50','0.00'),(137,1,'100-0002','100 - THIRD ITEM',1,'20.00','0.00','20.00','0.00','0.00','20.00','10.00','0.00'),(138,1,'100-0001','100 - SECOND ITEM',1,'19.99','17.00','19.99','1.00','0.20','19.79','15.00','0.00'),(139,1,'100-0001','100 - SECOND ITEM',2,'19.99','17.00','39.98','1.00','0.40','39.58','30.00','0.00'),(140,1,'100-0001','100 - SECOND ITEM',1,'17.00','0.00','17.00','0.00','0.00','17.00','15.00','0.00'),(141,1,'100-0002','100 - THIRD ITEM',1,'20.00','0.00','20.00','0.00','0.00','20.00','10.00','0.00'),(142,1,'100-0000','100 - FIRST ITEM',1,'9.99','6.99','9.99','12.00','1.20','8.79','4.50','0.00'),(143,1,'100-0001','100 - SECOND ITEM',1,'19.99','17.00','19.99','12.00','2.40','17.59','15.00','0.00'),(144,1,'100-0001','100 - SECOND ITEM',1,'19.99','17.00','19.99','12.00','2.40','17.59','15.00','0.00'),(145,1,'100-0001','100 - SECOND ITEM',1,'19.99','17.00','19.99','11.00','2.20','17.79','15.00','0.00'),(146,1,'101-0000','101 - FIRST ITEM',1,'10.99','8.00','10.99','0.00','0.00','10.99','5.50','0.00'),(147,1,'100-0000','100 - FIRST ITEM',1,'9.99','6.99','9.99','0.00','0.00','9.99','4.50','0.00'),(148,1,'100-0000','100 - FIRST ITEM',1,'9.99','6.99','9.99','1.00','0.10','9.89','4.50','0.00'),(149,1,'100-0000','100 - FIRST ITEM',1,'9.99','6.99','9.99','11.00','1.10','8.89','4.50','0.00'),(150,1,'100-0001','100 - SECOND ITEM',1,'17.00','0.00','17.00','0.00','0.00','17.00','15.00','0.00'),(151,1,'100-0001','100 - SECOND ITEM',1,'17.00','0.00','17.00','0.00','0.00','17.00','15.00','0.00'),(152,1,'101-0000','101 - FIRST ITEM',1,'8.00','0.00','8.00','0.00','0.00','8.00','5.50','0.00'),(153,1,'100-0001','100 - SECOND ITEM',1,'19.99','17.00','19.99','1.00','0.20','19.79','15.00','0.00'),(154,1,'100-0000','100 - FIRST ITEM',1,'6.99','0.00','6.99','0.00','0.00','6.99','4.50','0.00'),(155,1,'100-0000','100 - FIRST ITEM',1,'9.99','6.99','9.99','5.00','0.50','9.49','4.50','0.00'),(155,2,'100-0001','100 - SECOND ITEM',2,'19.99','17.00','39.98','8.00','3.20','36.78','30.00','0.00'),(155,3,'100-0002','100 - THIRD ITEM',3,'29.99','20.00','89.97','10.00','9.00','80.97','30.00','0.00'),(156,1,'100-0000','100 - FIRST ITEM',10,'6.99','0.00','69.90','0.00','0.00','69.90','45.00','0.00'),(156,2,'100-0002','100 - THIRD ITEM',14,'20.00','0.00','280.00','0.00','0.00','280.00','140.00','0.00'),(159,1,'100-0000','100 - FIRST ITEM',1,'9.99','6.99','9.99','1.00','0.10','9.89','4.50','0.00'),(159,2,'100-0001','100 - SECOND ITEM',2,'19.99','17.00','39.98','2.00','0.80','39.18','30.00','0.00'),(159,3,'100-0002','100 - THIRD ITEM',3,'29.99','20.00','89.97','3.00','2.70','87.27','30.00','0.00'),(161,1,'100-0000','100 - FIRST ITEM',10,'6.99','0.00','69.90','0.00','0.00','69.90','45.00','0.00'),(161,2,'100-0001','100 - SECOND ITEM',11,'17.00','0.00','187.00','0.00','0.00','187.00','165.00','0.00'),(161,3,'100-0002','100 - THIRD ITEM',12,'20.00','0.00','240.00','0.00','0.00','240.00','120.00','0.00'),(162,1,'100-0000','100 - FIRST ITEM',1,'9.99','6.99','9.99','1.00','0.10','9.89','4.50','0.00'),(162,2,'100-0002','100 - THIRD ITEM',3,'29.99','20.00','89.97','3.00','2.70','87.27','30.00','0.00'),(163,1,'100-0001','100 - SECOND ITEM',1,'17.00','0.00','17.00','0.00','0.00','17.00','15.00','0.00'),(163,2,'100-0000','100 - FIRST ITEM',1,'6.99','0.00','6.99','0.00','0.00','6.99','4.50','0.00'),(164,1,'100-0000','100 - FIRST ITEM',1,'9.99','6.99','9.99','1.00','0.10','9.89','4.50','0.00'),(164,2,'100-0001','100 - SECOND ITEM',2,'19.99','17.00','39.98','0.00','0.00','39.98','30.00','0.00'),(165,1,'100-0000','100 - FIRST ITEM',1,'9.99','6.99','9.99','1.00','0.10','9.89','4.50','0.00'),(165,2,'100-0001','100 - SECOND ITEM',2,'19.99','17.00','39.98','0.00','0.00','39.98','30.00','0.00'),(166,1,'100-0000','100 - FIRST ITEM',1,'9.99','6.99','9.99','1.00','0.10','9.89','4.50','0.00'),(166,2,'100-0001','100 - SECOND ITEM',2,'19.99','17.00','39.98','0.00','0.00','39.98','30.00','0.00'),(167,1,'100-0001','100 - SECOND ITEM',1,'19.99','17.00','19.99','1.00','0.20','19.79','15.00','0.00'),(167,2,'100-0002','100 - THIRD ITEM',2,'29.99','20.00','59.98','0.00','0.00','59.98','20.00','0.00'),(168,1,'100-0002','100 - THIRD ITEM',3,'29.99','20.00','89.97','0.00','0.00','89.97','30.00','0.00'),(169,1,'100-0000','100 - FIRST ITEM',1,'6.99','0.00','6.99','0.00','0.00','6.99','4.50','0.00'),(169,2,'100-0002','100 - THIRD ITEM',4,'20.00','0.00','80.00','0.00','0.00','80.00','40.00','0.00'),(170,1,'100-0000','100 - FIRST ITEM',1,'9.99','6.99','9.99','1.00','0.10','9.89','4.50','0.00'),(170,2,'100-0002','100 - THIRD ITEM',3,'29.99','20.00','89.97','3.00','2.70','87.27','30.00','0.00'),(171,1,'100-0002','100 - THIRD ITEM',2,'20.00','0.00','40.00','0.00','0.00','40.00','20.00','0.00'),(171,2,'101-0000','101 - FIRST ITEM',1,'8.00','0.00','8.00','0.00','0.00','8.00','5.50','0.00'),(171,3,'101-0001','101 - SECOND ITEM',1,'170.00','0.00','170.00','0.00','0.00','170.00','150.00','0.00'),(172,1,'100-0000','100 - FIRST ITEM',1,'6.99','0.00','6.99','0.00','0.00','6.99','4.50','0.00'),(173,1,'100-0000','100 - FIRST ITEM',1,'6.99','0.00','6.99','0.00','0.00','6.99','4.50','0.00'),(173,2,'100-0002','100 - THIRD ITEM',1,'20.00','0.00','20.00','0.00','0.00','20.00','10.00','0.00'),(173,3,'100-0000','100 - FIRST ITEM',1,'6.99','0.00','6.99','0.00','0.00','6.99','4.50','0.00'),(174,1,'100-0000','100 - FIRST ITEM',1,'9.99','6.99','9.99','15.00','1.50','8.49','0.00','0.00'),(175,1,'100-0000','100 - FIRST ITEM',1,'9.99','6.99','9.99','5.00','0.50','9.49','4.50','0.00'),(175,2,'100-0001','100 - SECOND ITEM',1,'19.99','17.00','19.99','10.00','2.00','17.99','15.00','0.00'),(175,3,'100-0002','100 - THIRD ITEM',1,'29.99','20.00','29.99','15.00','4.50','25.49','10.00','0.00'),(176,1,'100-0000','100 - FIRST ITEM',1,'9.99','6.99','9.99','1.00','0.10','9.89','4.50','0.00'),(176,2,'100-0001','100 - SECOND ITEM',2,'19.99','17.00','39.98','2.00','0.80','39.18','30.00','0.00'),(176,3,'100-0002','100 - THIRD ITEM',3,'29.99','20.00','89.97','3.00','2.70','87.27','30.00','0.00'),(177,1,'100-0002','100 - THIRD ITEM',3,'29.99','20.00','89.97','5.00','4.50','85.47','30.00','70.08'),(177,2,'101-0001','101 - SECOND ITEM',2,'199.99','170.00','399.98','1.00','4.00','395.98','300.00','0.00');

/*Table structure for table `orderheader` */

DROP TABLE IF EXISTS `orderheader`;

CREATE TABLE `orderheader` (
  `receiptNo` int(11) NOT NULL AUTO_INCREMENT,
  `repNo` varchar(3) DEFAULT NULL,
  `totalExVat` decimal(10,2) DEFAULT '0.00' COMMENT 'Total (Ex Vat) (- Discount)',
  `totalVat` decimal(10,2) DEFAULT '0.00' COMMENT 'Total Vat Value',
  `totalPreRounding` decimal(10,2) NOT NULL DEFAULT '0.00' COMMENT 'totalExVat + totalVat',
  `rounding` decimal(10,2) DEFAULT '0.00' COMMENT 'rounding amount applied',
  `totalPostRounding` decimal(10,2) DEFAULT '0.00' COMMENT 'Total Invoice Value',
  `orderDate` date DEFAULT NULL,
  `payType` varchar(13) DEFAULT NULL,
  `saleType` varchar(11) DEFAULT NULL,
  `totalCostPrice` decimal(10,2) DEFAULT '0.00' COMMENT 'Total Cost of lines on this order',
  `custId` int(11) DEFAULT NULL,
  `name` varchar(30) DEFAULT NULL,
  `addressLine1` varchar(50) DEFAULT NULL,
  `addressLine2` varchar(50) DEFAULT NULL,
  `phone` varchar(15) DEFAULT NULL,
  `refundValue` decimal(10,2) DEFAULT '0.00',
  PRIMARY KEY (`receiptNo`),
  UNIQUE KEY `receiptNo_UNIQUE` (`receiptNo`),
  KEY `custId` (`custId`)
) ENGINE=InnoDB AUTO_INCREMENT=178 DEFAULT CHARSET=latin1;

/*Data for the table `orderheader` */

insert  into `orderheader`(`receiptNo`,`repNo`,`totalExVat`,`totalVat`,`totalPreRounding`,`rounding`,`totalPostRounding`,`orderDate`,`payType`,`saleType`,`totalCostPrice`,`custId`,`name`,`addressLine1`,`addressLine2`,`phone`,`refundValue`) values (1,'001','59.37','13.66','73.03','0.00','73.03','2016-05-11','Cash','Retail','29.50',0,'','','','','0.00'),(2,'001','117.54','27.03','144.57','0.00','144.57','2016-05-11','Cash','Retail','59.00',12,'Philip Johnson','643 Clonree Lane, Arloo','Dublin 6','84345334','0.00'),(3,'001','59.97','13.79','73.76','0.24','74.00','2016-05-06','Cash','Retail','29.50',0,'Mr Joe Bloggs','1 Main Street, Main Road,','Dublin 17','847543632','0.00'),(4,'001','0.00','0.00','0.00','0.00','0.00','2016-05-06','Cash','Retail','14.50',0,'Mr Joe Bloggs','1 Main Street, Main Road,','Dublin 17','847543632','49.18'),(5,'001','167.33','38.48','205.81','-0.68','205.13','2016-05-11','Cash','Retail','85.00',11,'Mr Tiny','Little House','Dublin 24','54365476654','22.87'),(6,'001','6.99','1.61','8.60','0.00','8.60','2016-05-13','Cash','Trade','4.50',NULL,'','','','','0.00'),(7,'001','407.00','93.61','500.61','0.00','500.61','2016-05-13','Cash','Trade','275.00',18,'','','','','0.00'),(8,'001','55.92','12.86','68.78','0.00','68.78','2016-05-13','Cash','Trade','36.00',0,'','','','','0.00'),(9,'001','9.89','2.27','12.16','0.00','12.16','2016-05-13','Cash','Retail','4.50',45,'','','','','0.00'),(10,'001','219.89','50.57','270.46','0.00','270.46','2016-05-13','Cash','Retail','165.00',0,'','','','','0.00'),(11,'001','29.98','6.90','36.88','0.00','36.88','2016-05-13','Cash','Retail','19.50',0,'','','','','0.00'),(12,'001','69.97','16.09','86.06','0.00','86.06','2016-05-13','Cash','Retail','40.00',0,'','','','','0.00'),(13,'001','148.00','34.04','182.04','0.00','182.04','2016-05-13','Cash','Trade','100.00',20,'','','','','0.00'),(14,'001','564.80','129.90','694.70','0.00','694.70','2016-05-13','Cash','Trade','465.00',0,'','','','','0.00'),(15,'001','236.00','54.28','290.28','0.00','290.28','2016-05-13','Cash','Trade','170.00',7,'Bob the builder','On TV','Next to the sofa','3432535','0.00'),(16,'001','17.00','3.91','20.91','0.00','20.91','2016-05-16','Bank Transfer','Trade','15.00',0,'','','','','0.00'),(17,'001','9.89','2.27','12.16','0.00','12.16','2016-05-16','Bank Transfer','Retail','4.50',0,'','','','','0.00'),(18,'001','17.00','3.91','20.91','0.00','20.91','2016-05-16','Bank Transfer','Trade','15.00',0,'','','','','0.00'),(19,'001','34.00','7.82','41.82','0.00','41.82','2016-05-16','Cash','Trade','30.00',7,'Bob the builder','On TV','Next to the sofa','3432535','0.00'),(20,'001','440.99','101.43','542.42','0.00','542.42','2016-04-27','Account','Account','234.50',1,'Dimitri','Don\'t know where he lives','Dimitri\'s Place','999','0.00'),(21,'001','714.00','164.22','878.22','0.00','878.22','2016-04-27','Account','Account','630.00',3,'Fred','Fred\'s House','Fred\'s Road, Dublin 1','5436554765','20.91'),(22,'001','8.00','1.84','9.84','0.00','9.84','2016-05-18','Bank Transfer','Account','5.50',1,'Dimitri','Dont know where he lives','Dimitri Place','999','0.00'),(23,'001','8.00','1.84','9.84','0.00','9.84','2016-05-18','Cash','Trade','5.50',0,'Blah','Blah','Blah','111111111','0.00'),(24,'001','9.89','2.27','12.16','0.00','12.16','2016-05-18','Cash','Retail','4.50',0,'newnew','newnew','newnew','222222222','0.00'),(25,'001','29.69','6.83','36.52','0.00','36.52','2016-05-18','Cash','Retail','10.00',0,'uyuyuy','','','','0.00'),(26,'001','210.00','48.30','258.30','0.00','258.30','2016-05-18','Cash','Account','125.00',1,'Dimitri','Dont know where he lives','Dimitri Place','999','0.00'),(27,'001','210.00','48.30','258.30','0.00','258.30','2016-05-18','Cash','Account','125.00',1,'Dimitri','Dont know where he lives','Dimitri Place','999','0.00'),(28,'001','210.00','48.30','258.30','0.00','258.30','2016-05-18','Cash','Account','125.00',1,'Dimitri','Dont know where he lives','Dimitri Place','999','0.00'),(29,'001','6.99','1.61','8.60','0.00','8.60','2016-05-18','Cash','Account','4.50',1,'Dimitri','Dont know where he lives','Dimitri Place','999','0.00'),(30,'001','6.99','1.61','8.60','0.00','8.60','2016-05-18','Cash','Account','4.50',1,'Dimitri','Dont know where he lives','Dimitri Place','999','0.00'),(31,'001','6.99','1.61','8.60','0.00','8.60','2016-05-18','Cash','Account','4.50',1,'Dimitri','Dont know where he lives','Dimitri Place','999','0.00'),(32,'001','6.99','1.61','8.60','0.00','8.60','2016-05-18','Cash','Account','4.50',1,'Dimitri','Dont know where he lives','Dimitri Place','999','0.00'),(33,'001','6.99','1.61','8.60','0.00','8.60','2016-05-18','Cash','Account','4.50',1,'Dimitri','Dont know where he lives','Dimitri Place','999','0.00'),(34,'001','6.99','1.61','8.60','0.00','8.60','2016-05-18','Cash','Account','4.50',1,'Dimitri','Dont know where he lives','Dimitri Place','999','0.00'),(35,'001','210.00','48.30','258.30','0.00','258.30','2016-05-18','Cash','Account','125.00',1,'Dimitri','Dont know where he lives','Dimitri Place','999','0.00'),(36,'001','20.00','4.60','24.60','0.00','24.60','2016-05-18','Cash','Account','10.00',1,'Dimitri','Dont know where he lives','Dimitri Place','999','0.00'),(37,'001','6.99','1.61','8.60','0.00','8.60','2016-05-19','Cash','Account','0.00',1,'Dimitri','Dont know where he lives','Dimitri Place','999','0.00'),(38,'001','57.57','13.24','70.81','0.00','70.81','2016-05-11','Cash','Retail','29.50',11,'Mr Tiny','Little House','Dublin 24','54365476654','212.43'),(39,'001','6.99','1.61','8.60','0.84','13.00','2016-05-19','Cash','Account','4.50',1,'Dimitri','Dont know where he lives','Dimitri Place','999','0.00'),(40,'001','17.00','3.91','20.91','0.00','20.91','2016-05-19','Cash','Account','15.00',1,'Dimitri','Dont know where he lives','Dimitri Place','999','0.00'),(41,'001','20.00','4.60','24.60','0.00','24.60','2016-05-19','Cash','Trade','10.00',0,'','','','','0.00'),(42,'001','9.89','2.27','12.16','0.00','12.16','2016-05-19','Cash','Retail','4.50',0,'','','','','0.00'),(43,'001','388.00','89.24','477.24','0.00','477.24','2016-05-19','Cash','Account','280.50',1,'Dimitri','Dont know where he lives','Dimitri Place','999','0.00'),(44,'001','8.00','1.84','9.84','0.00','9.84','2016-05-19','Cash','Trade','5.50',0,'','','','','0.00'),(45,'001','20.00','4.60','24.60','0.00','24.60','2016-05-19','Cash','Trade','10.00',0,'','','','','0.00'),(46,'001','8.00','1.84','9.84','0.00','9.84','2016-05-19','Cash','Trade','5.50',0,'','','','','0.00'),(47,'001','6.99','1.61','8.60','0.00','8.60','2016-05-19','Cash','Trade','4.50',0,'','','','','0.00'),(48,'001','19.79','4.55','24.34','0.00','24.34','2016-05-19','Cash','Retail','15.00',0,'','','','','0.00'),(49,'001','17.00','3.91','20.91','0.00','20.91','2016-05-19','Cash','Account','15.00',1,'Dimitri','Dont know where he lives','Dimitri Place','999','0.00'),(50,'001','8.00','1.84','9.84','0.00','9.84','2016-05-19','Cash','Account','5.50',1,'Dimitri','Dont know where he lives','Dimitri Place','999','0.00'),(51,'001','19.79','4.55','24.34','0.00','24.34','2016-05-19','Cash','Retail','15.00',0,'','','','','0.00'),(52,'001','29.69','6.83','36.52','0.00','36.52','2016-05-19','Cash','Retail','10.00',0,'','','','','0.00'),(53,'001','380.99','87.63','468.62','0.00','468.62','2016-05-20','Cash','Account','334.50',1,'Dimitri','Dont know where he lives','Dimitri Place','999','0.00'),(54,'001','170.00','39.10','209.10','0.90','210.00','2016-05-19','Cash','Trade','150.00',1,'Dimitri','Dont know where he lives','Dimitri Place','999','0.00'),(55,'001','1010.00','232.30','1242.30','0.00','1242.30','2016-05-23','Cash','Trade','650.00',1,'Dimitri','Dont know where he lives','Dimitri Place','999','258.30'),(56,'001','170.00','39.10','209.10','0.90','210.00','2016-05-19','Cash','Account','150.00',1,'Dimitri','Dont know where he lives','Dimitri Place','999','0.00'),(57,'001','170.00','39.10','209.10','0.90','210.00','2016-05-19','Cash','Account','150.00',1,'Dimitri','Dont know where he lives','Dimitri Place','999','0.00'),(58,'001','170.00','39.10','209.10','0.90','210.00','2016-05-19','Cash','Account','150.00',1,'Dimitri','Dont know where he lives','Dimitri Place','999','0.00'),(59,'001','17.00','3.91','20.91','0.00','20.91','2016-05-20','Cash','Account','15.00',1,'Dimitri','Dont know where he lives','Dimitri Place','999','0.00'),(60,'001','293.58','67.52','361.10','0.00','361.10','2016-05-20','Cash','Account','198.00',1,'Dimitri','Dont know where he lives','Dimitri Place','999','17.20'),(61,'001','13.98','3.22','17.20','0.00','17.20','2016-05-20','Cash','Account','9.00',1,'Dimitri','Dont know where he lives','Dimitri Place','999','0.00'),(62,'001','183.98','42.32','226.30','0.00','226.30','2016-05-19','Cash','Account','159.00',1,'Dimitri','Dont know where he lives','Dimitri Place','999','0.00'),(63,'001','6.99','1.61','8.60','0.00','8.60','2016-05-20','Cash','Trade','4.50',0,'','','','','0.00'),(64,'001','30.98','7.13','38.11','0.00','38.11','2016-05-20','Cash','Account','24.00',1,'Dimitri','Dont know where he lives','Dimitri Place','999','0.00'),(65,'001','6.99','1.61','8.60','0.00','8.60','2016-05-20','Cash','Account','4.50',1,'Dimitri','Dont know where he lives','Dimitri Place','999','0.00'),(66,'001','6.99','1.61','8.60','0.00','8.60','2016-05-20','Cash','Account','4.50',1,'Dimitri','Dont know where he lives','Dimitri Place','999','0.00'),(67,'001','176.99','40.71','217.70','0.00','217.70','2016-05-19','Cash','Account','154.50',1,'Dimitri','Dont know where he lives','Dimitri Place','999','0.00'),(68,'001','6.99','1.61','8.60','0.00','8.60','2016-05-20','Cash','Account','4.50',1,'Dimitri','Dont know where he lives','Dimitri Place','999','0.00'),(69,'001','6.99','1.61','8.60','0.00','8.60','2016-05-20','Cash','Account','4.50',1,'Dimitri','Dont know where he lives','Dimitri Place','999','0.00'),(70,'001','17.00','3.91','20.91','0.00','20.91','2016-05-20','Cash','Account','15.00',1,'Dimitri','Dont know where he lives','Dimitri Place','999','0.00'),(71,'001','6.99','1.61','8.60','0.00','8.60','2016-05-20','Cash','Account','4.50',1,'Dimitri','Dont know where he lives','Dimitri Place','999','0.00'),(72,'001','34.00','7.82','41.82','0.00','41.82','2016-05-20','Cash','Account','30.00',1,'Dimitri','Dont know where he lives','Dimitri Place','999','0.00'),(73,'001','34.00','7.82','41.82','0.00','41.82','2016-05-20','Cash','Account','30.00',1,'Dimitri','Dont know where he lives','Dimitri Place','999','0.00'),(74,'001','17.00','3.91','20.91','0.00','20.91','2016-05-20','Cash','Account','15.00',1,'Dimitri','Dont know where he lives','Dimitri Place','999','0.00'),(75,'001','203.98','46.92','250.90','0.00','250.90','2016-05-20','Cash','Account','169.00',1,'Dimitri','Dont know where he lives','Dimitri Place','999','0.00'),(76,'001','26.99','6.21','33.20','0.00','33.20','2016-05-19','Cash','Account','14.50',1,'Dimitri','Dont know where he lives','Dimitri Place','999','0.00'),(77,'001','17.00','3.91','20.91','0.00','20.91','2016-05-20','Cash','Account','15.00',1,'Dimitri','Dont know where he lives','Dimitri Place','999','0.00'),(78,'001','6.99','1.61','8.60','0.00','8.60','2016-05-20','Cash','Account','4.50',1,'Dimitri','Dont know where he lives','Dimitri Place','999','0.00'),(79,'001','6.99','1.61','8.60','0.00','8.60','2016-05-20','Cash','Account','4.50',1,'Dimitri','Dont know where he lives','Dimitri Place','999','0.00'),(80,'001','6.99','1.61','8.60','0.00','8.60','2016-05-23','Cash','Account','4.50',3,'Fred','Fred\'s House','Fred\'s Road, Dublin 1','5436554765','0.00'),(81,'001','6.99','1.61','8.60','0.00','8.60','2016-05-23','Cash','Account','4.50',3,'Fred','Fred\'s House','Fred\'s Road, Dublin 1','5436554765','0.00'),(82,'001','29.69','6.83','36.52','0.00','36.52','2016-05-27','Cash','Retail','10.00',0,'','','','','0.00'),(83,'001','10.55','2.43','12.98','0.00','12.98','2016-05-27','Cash','Retail','5.50',0,'','','','','0.00'),(84,'001','17.00','3.91','20.91','-0.91','20.00','2016-06-02','Cash','Account','15.00',1,'Dimitri','Dont know where he lives','Dimitri Place','999','0.00'),(85,'001','775.89','178.45','954.34','0.66','955.00','2016-06-02','Cash','Account','499.50',1,'Dimitri','Dont know where he lives','Dimitri Place','999','0.00'),(86,'001','540.00','124.20','664.20','0.80','665.00','2016-06-02','Cash','Account','270.00',1,'Dimitri','Dont know where he lives','Dimitri Place','999','0.00'),(87,'001','236.00','54.28','290.28','0.00','290.28','2016-05-13','Cash','Trade','170.00',7,'Bob the builder','On TV','Next to the sofa','3432535','0.00'),(88,'001','230.28','52.96','283.24','0.00','283.24','2016-05-11','Cash','Retail','118.00',11,'Mr Tiny','Little House','Dublin 24','54365476654','0.00'),(89,'001','9.79','2.25','12.04','0.96','13.00','2016-06-07','Cash','Retail','4.50',0,'','','','','0.00'),(90,'001','23.09','5.31','28.40','0.60','29.00','2016-06-07','Cash','Retail','10.00',0,'','','','','0.00'),(91,'001','29.39','6.76','36.15','-0.15','36.00','2016-06-07','Cash','Retail','10.00',0,'','','','','0.00'),(92,'001','10.88','2.50','13.38','-0.38','13.00','2016-06-07','Cash','Retail','5.50',0,'','','','','0.00'),(93,'001','19.79','4.55','24.34','0.66','25.00','2016-06-07','Cash','Retail','15.00',0,'','','','','0.00'),(94,'001','17.00','3.91','20.91','0.09','21.00','2016-06-07','Cash','Trade','15.00',0,'','','','','0.00'),(95,'001','6.99','1.61','8.60','0.40','9.00','2016-06-07','Cash','Trade','4.50',0,'','','','','0.00'),(96,'001','6.99','1.61','8.60','-0.60','8.00','2016-06-07','Cash','Trade','4.50',0,'','','','','0.00'),(97,'001','6.99','1.61','8.60','-0.60','8.00','2016-06-07','Cash','Trade','4.50',0,'','','','','0.00'),(98,'001','19.79','4.55','24.34','0.00','24.34','2016-06-07','Cash','Retail','15.00',0,'','','','','0.00'),(99,'001','244.39','56.21','300.60','0.00','300.60','2016-06-07','Cash','Retail','140.00',0,'','','','','0.00'),(100,'001','136.34','31.36','167.70','0.00','167.70','2016-06-08','Cash','Retail','64.50',0,'','','','','0.00'),(101,'001','59.97','13.79','73.76','0.00','73.76','2016-06-08','Cash','Retail','29.50',0,'','','','','0.00'),(102,'001','29.98','6.90','36.88','0.00','36.88','2016-06-08','Cash','Retail','19.50',0,'','','','','0.00'),(103,'001','9.99','2.30','12.29','0.00','12.29','2016-06-08','Cash','Retail','4.50',0,'','','','','0.00'),(104,'001','39.98','9.20','49.18','0.00','49.18','2016-06-08','Cash','Retail','14.50',0,'','','','','0.00'),(105,'001','9.99','2.30','12.29','0.00','12.29','2016-06-08','Cash','Retail','4.50',0,'Mr Off the Street','Nowhere','EveryWhere','45366754','0.00'),(106,'001','19.79','4.55','24.34','0.00','24.34','2016-06-08','Cash','Retail','15.00',0,'Mr James McCarthy','45 Belcamp Cresent','Belcamp, D15','0853243432','0.00'),(107,'001','6.99','1.61','8.60','0.00','8.60','2016-06-08','Cash','Trade','4.50',0,'','','','','0.00'),(108,'001','19.79','4.55','24.34','0.66','25.00','2016-06-08','Cash','Retail','15.00',0,'','','','','0.00'),(109,'001','16.00','3.68','19.68','0.32','20.00','2016-06-08','Cash','Trade','11.00',0,'','','','','0.00'),(110,'001','20.44','4.70','25.14','-0.14','25.00','2016-06-08','Cash','Retail','10.00',0,'','','','','0.00'),(111,'001','224.95','51.74','276.69','0.31','277.00','2016-06-08','Cash','Trade','182.50',0,'','','','','0.00'),(112,'001','43.99','10.12','54.11','0.00','54.11','2016-06-08','Cash','Trade','29.50',0,'','','','','0.00'),(113,'001','43.99','10.12','54.11','0.00','54.11','2016-06-08','Cash','Trade','29.50',0,'','','','','0.00'),(114,'001','98.99','22.77','121.76','0.00','121.76','2016-06-08','Cash','Trade','56.50',0,'','','','','0.00'),(115,'001','6.99','1.61','8.60','0.00','8.60','2016-06-08','Cash','Trade','4.50',11,'Mr Donkey','The Field by the river','Next to the Village','4343254','0.00'),(116,'001','139.94','0.00','139.94','0.00','139.94','2016-06-23','Cash','Retail','64.50',0,'','','','','0.00'),(117,'001','43.99','0.00','43.99','0.00','43.99','2016-06-23','Cash','Trade','29.50',2,'Pat Fizzer','anywhere that il have me','maybe your place','666','0.00'),(118,'001','130.94','0.00','130.94','0.00','130.94','2016-06-23','Cash','Retail','64.50',0,'','','','','0.00'),(119,'001','13.98','0.00','13.98','0.00','13.98','2016-06-23','Cash','Trade','9.00',0,'','','','','0.00'),(120,'001','130.94','30.12','161.06','-0.06','161.00','2016-06-23','Cash','Retail','64.50',0,'','','','','0.00'),(121,'001','73.97','17.01','90.98','-0.06','90.92','2016-06-23','Cash','Retail','35.00',0,'','','','','70.08'),(122,'001','130.94','30.12','161.06','0.00','161.06','2016-06-23','Cash','Retail','64.50',0,'','','','','0.00'),(123,'001','130.94','30.12','161.06','0.00','161.06','2016-06-23','Cash','Retail','64.50',0,'','','','','0.00'),(124,'001','130.94','30.12','161.06','-0.06','161.00','2016-06-23','Cash','Retail','64.50',0,'','','','','0.00'),(125,'001','130.94','30.12','161.06','-0.06','161.00','2016-06-23','Cash','Retail','64.50',0,'','','','','0.00'),(126,'001','73.97','17.01','90.98','-0.06','90.92','2016-06-23','Cash','Retail','0.00',0,'','','','','70.08'),(127,'001','130.94','30.12','161.06','-0.06','161.00','2016-06-23','Cash','Retail','64.50',0,'','','','','0.00'),(128,'001','73.97','17.01','90.98','-0.06','90.92','2016-06-23','Cash','Retail','35.00',0,'','','','','70.08'),(129,'001','9.59','2.21','11.80','0.00','11.80','2016-06-23','Cash','Retail','4.50',10,'Mr William Oman','655 Primrose Grove, Darndale','Dublin 17','84765656','0.00'),(130,'001','6.99','1.61','8.60','0.00','8.60','2016-06-23','Cash','Trade','4.50',5,'Fixer Upper','My House','My Road, Dublin 12','089 9999999','0.00'),(131,'001','567.00','130.41','697.41','0.00','697.41','2016-06-24','Cash','Account','485.00',1,'Dimitri','Dont know where he lives','Dimitri Place','999','0.00'),(132,'001','6.99','1.61','8.60','0.00','8.60','2016-06-27','Cash','Account','4.50',3,'Fred','Fred\'s Gaff no5','Fred\'s Road, Dublin 1','5436554777','0.00'),(133,'001','17.00','3.91','20.91','0.00','20.91','2016-06-27','Cash','Account','15.00',3,'Fred','Fred\'s Gaff no5','Fred\'s Road, Dublin 1','5436554777','0.00'),(134,'001','153.78','35.37','189.15','0.85','190.00','2016-06-27','Cash','Account','99.00',3,'Fred','Fred\'s Gaff no5','Fred\'s Road, Dublin 1','5436554777','0.00'),(135,'001','20.00','4.60','24.60','-0.60','24.00','2016-06-27','Cash','Account','10.00',3,'Fred','Fred\'s Gaff no5','Fred\'s Road, Dublin 1','5436554777','0.00'),(136,'001','6.99','1.61','8.60','0.00','8.60','2016-06-27','Cash','Account','4.50',3,'Fred','Fred\'s Gaff no5','Fred\'s Road, Dublin 1','5436554777','0.00'),(137,'001','20.00','4.60','24.60','0.00','24.60','2016-06-27','Cash','Account','10.00',3,'Fred','Fred\'s Gaff no5','Fred\'s Road, Dublin 1','5436554777','0.00'),(138,'001','19.79','4.55','24.34','-0.34','24.00','2016-06-28','Cash','Retail','15.00',0,'','','','','0.00'),(139,'001','39.58','9.10','48.68','0.32','49.00','2016-06-28','Cash','Retail','30.00',0,'','','','','0.00'),(140,'001','17.00','3.91','20.91','0.09','21.00','2016-06-28','Cash','Trade','15.00',0,'','','','','0.00'),(141,'001','20.00','4.60','24.60','-0.60','24.00','2016-06-28','Cash','Trade','10.00',0,'','','','','0.00'),(142,'001','8.79','2.02','10.81','0.00','10.81','2016-06-28','Cash','Retail','4.50',2,'Rob Forde','29 Arkview Lane','Arkview','4354354','0.00'),(143,'001','17.59','4.05','21.64','0.00','21.64','2016-06-28','Cash','Retail','15.00',2,'Rob Forde','29 Arkview Lane','Arkview','4354354','0.00'),(144,'001','17.59','4.05','21.64','0.00','21.64','2016-06-28','Cash','Retail','15.00',0,'Ms Joesphine Higgins','23 Tarbuck Avenue','Croichester','43243243','0.00'),(145,'001','17.79','4.09','21.88','0.00','21.88','2016-06-28','Cash','Retail','15.00',0,'Mr Gerard Dunne','675 Main Road','Nocker Village','654654654','0.00'),(146,'002','10.99','2.53','13.52','0.00','13.52','2016-06-28','Cash','Retail','5.50',55,'Mr Gerard Dunne','6 Main Road','Nocker Village','654654654','0.00'),(147,'001','9.99','2.30','12.29','0.00','12.29','2016-06-28','Cash','Retail','4.50',55,'Mr Gerard Dunne','6 Main Road','Nocker Village','654654654','0.00'),(148,'001','9.89','2.27','12.16','0.00','12.16','2016-06-28','Cash','Retail','4.50',55,'Mr Gerard Dunne','6 Main Road','Nocker Village','654654654','0.00'),(149,'001','8.89','2.04','10.93','0.00','10.93','2016-06-28','Cash','Retail','4.50',55,'Mr Gerard Dunne','6 Main Road','Nocker Village','654654654','0.00'),(150,'001','17.00','3.91','20.91','0.00','20.91','2016-06-28','Cash','Trade','15.00',0,'Mr Sharp Saw','Carpenter Terrace','Carpenter Estate','45326546','0.00'),(151,'001','17.00','3.91','20.91','0.00','20.91','2016-06-28','Cash','Trade','15.00',0,'Mr Jig Saw','43264 Carpenter Close','Carpenter Estate','4324324','0.00'),(152,'001','8.00','1.84','9.84','0.00','9.84','2016-06-28','Cash','Trade','5.50',15,'Mr Jig Saw','146 Carpenter Close','Carpenter Estate','4324324','0.00'),(153,'001','19.79','4.55','24.34','0.00','24.34','2016-06-28','Cash','Retail','15.00',0,'','','','','0.00'),(154,'001','6.99','1.61','8.60','0.00','8.60','2016-06-28','Cash','Trade','4.50',0,'','','','','0.00'),(155,'001','127.24','29.27','156.51','0.49','157.00','2016-06-28','Cheque','Retail','64.50',12,'Philip Johnson','643 Clonree Lane, Arloo','Dublin 6','84345334','0.00'),(156,'001','349.90','80.48','430.38','0.00','430.38','2016-06-28','Bank Transfer','Trade','185.00',5,'Fixer Upper','My House','My Road, Dublin 12','089 9999999','0.00'),(157,'001','56.17','12.92','69.09','0.00','69.09','2016-06-29','Cash','Retail','29.50',0,'','','','','0.00'),(158,'001','136.34','31.36','167.70','0.00','167.70','2016-06-29','Cash','Retail','64.50',0,'','','','','0.00'),(159,'001','136.34','31.36','167.70','0.00','167.70','2016-06-29','Cash','Retail','64.50',0,'','','','','0.00'),(160,'001','496.90','114.29','611.19','0.00','611.19','2016-06-29','Cash','Trade','330.00',7,'Bob the builder','On TV','Next to the sofa','3432535','0.00'),(161,'001','496.90','114.29','611.19','0.00','611.19','2016-06-29','Cash','Trade','330.00',7,'Bob the builder','On TV','Next to the sofa','3432535','0.00'),(162,'001','97.16','22.35','119.51','0.00','119.51','2016-06-29','Cash','Retail','34.50',12,'Philip Johnson','643 Clonree Lane, Arloo','Dublin 6','84345334','0.00'),(163,'001','23.99','5.52','29.51','0.00','29.51','2016-06-29','Cash','Trade','19.50',0,'','','','','0.00'),(164,'001','49.87','11.47','61.34','0.00','61.34','2016-06-29','Cash','Retail','34.50',0,'','','','','0.00'),(165,'001','49.87','11.47','61.34','0.00','61.34','2016-06-29','Cash','Retail','34.50',0,'','','','','0.00'),(166,'001','49.87','11.47','61.34','0.00','61.34','2016-06-29','Cash','Retail','34.50',0,'','','','','0.00'),(167,'001','79.77','18.35','98.12','0.00','98.12','2016-06-29','Cash','Retail','35.00',0,'','','','','0.00'),(168,'001','89.97','20.69','110.66','0.00','110.66','2016-06-29','Cash','Retail','30.00',2,'Rob Forde','29 Arkview Lane','Arkview','4354354','0.00'),(169,'001','86.99','20.01','107.00','1.00','108.00','2016-06-29','Cash','Trade','44.50',11,'Mr Donkey','The Field by the river','Next to the Village beside you','4343254','0.00'),(170,'001','97.16','22.35','119.51','0.00','119.51','2016-06-29','Cheque','Retail','34.50',0,'','','','','0.00'),(171,'001','218.00','50.14','268.14','0.00','268.14','2016-06-29','Cash','Trade','175.50',0,'','','','','0.00'),(172,'001','6.99','1.61','8.60','0.00','8.60','2016-06-29','Cash','Account','4.50',3,'Fred','Fred\'s Gaff no5','Fred\'s Road, Dublin 1','5436554777','0.00'),(173,'001','33.98','7.82','41.80','0.00','41.80','2016-06-29','Cash','Account','19.00',3,'Fred','Fred\'s Gaff no5','Fred\'s Road, Dublin 1','5436554777','0.00'),(174,'001','8.49','1.95','10.44','0.56','11.00','2016-05-06','Cash','Retail','4.50',0,'soot','soot','soot','soot','0.00'),(175,'001','52.97','12.18','65.15','0.00','65.15','2016-07-06','Cash','Retail','29.50',0,'','','','','0.00'),(176,'001','136.34','31.36','167.70','0.00','167.70','2016-07-06','Cash','Retail','64.50',0,'','','','','0.00'),(177,'001','538.43','123.84','662.27','-0.27','662.00','2016-07-15','Cheque','Retail','350.00',10,'Mr William Oman','655 Primrose Grove, Darndale','Dublin 17','84765656','0.00');

/*Table structure for table `quotedetail` */

DROP TABLE IF EXISTS `quotedetail`;

CREATE TABLE `quotedetail` (
  `quotationNo` int(11) NOT NULL,
  `lineNo` int(11) NOT NULL,
  `itemCode` varchar(20) NOT NULL,
  `itemDescription` varchar(60) DEFAULT NULL,
  `qty` int(11) NOT NULL,
  `price` decimal(10,2) DEFAULT '0.00',
  `tradePrice` decimal(10,2) DEFAULT '0.00',
  `valueExDiscount` decimal(10,2) DEFAULT '0.00',
  `discPercent` decimal(10,2) DEFAULT '0.00',
  `discValue` decimal(10,2) DEFAULT '0.00',
  `valueExVat` decimal(10,2) DEFAULT '0.00',
  `costPrice` decimal(10,2) DEFAULT '0.00',
  PRIMARY KEY (`quotationNo`,`lineNo`)
) ENGINE=InnoDB DEFAULT CHARSET=latin1;

/*Data for the table `quotedetail` */

insert  into `quotedetail`(`quotationNo`,`lineNo`,`itemCode`,`itemDescription`,`qty`,`price`,`tradePrice`,`valueExDiscount`,`discPercent`,`discValue`,`valueExVat`,`costPrice`) values (0,1,'101-0000','101 - FIRST ITEM',2,'10.99','8.00','21.98','3.00','0.66','21.32','11.00'),(1,1,'100-0000','100 - FIRST ITEM',1,'9.99','6.99','9.99','1.00','0.10','9.89',NULL),(2,1,'100-0000','100 - FIRST ITEM',1,'9.99','6.99','9.99','5.00','0.50','9.49',NULL),(3,1,'100-0000','100 - FIRST ITEM',1,'9.99','6.99','9.99','15.00','1.50','8.49',NULL),(4,1,'100-0000','100 - FIRST ITEM',1,'9.99','6.99','9.99','20.00','2.00','7.99',NULL),(5,1,'100-0000','100 - FIRST ITEM',1,'9.99','6.99','9.99','1.00','0.10','9.89',NULL),(6,1,'100-0000','100 - FIRST ITEM',1,'9.99','6.99','9.99','15.00','1.50','8.49',NULL),(7,1,'100-0000','100 - FIRST ITEM',1,'9.99','6.99','9.99','20.00','2.00','7.99',NULL),(8,1,'100-0002','100 - THIRD ITEM',1,'29.99','20.00','29.99','0.00','0.00','29.99',NULL),(9,1,'100-0002','100 - THIRD ITEM',1,'29.99','20.00','29.99','1.00','0.30','29.69',NULL),(10,1,'100-0000','100 - FIRST ITEM',1,'9.99','6.99','9.99','1.00','0.10','9.89',NULL),(13,1,'100-0000','100 - FIRST ITEM',10,'6.99','0.00','69.90','0.00','0.00','69.90',NULL),(13,2,'100-0001','100 - SECOND ITEM',20,'17.00','0.00','340.00','0.00','0.00','340.00',NULL),(13,3,'100-0002','100 - THIRD ITEM',30,'20.00','0.00','600.00','0.00','0.00','600.00',NULL),(14,1,'100-0000','100 - FIRST ITEM',1,'6.99','0.00','6.99','0.00','0.00','6.99',NULL),(15,1,'100-0000','100 - FIRST ITEM',1,'6.99','0.00','6.99','0.00','0.00','6.99',NULL),(16,1,'100-0000','100 - FIRST ITEM',1,'6.99','0.00','6.99','0.00','0.00','6.99',NULL),(16,2,'100-0002','100 - THIRD ITEM',3,'20.00','0.00','60.00','0.00','0.00','60.00',NULL),(17,1,'100-0000','100 - FIRST ITEM',1,'6.99','0.00','6.99','0.00','0.00','6.99',NULL),(17,2,'100-0002','100 - THIRD ITEM',1,'20.00','0.00','20.00','0.00','0.00','20.00',NULL),(18,1,'100-0000','100 - FIRST ITEM',1,'9.99','6.99','9.99','1.00','0.10','9.89',NULL),(19,1,'100-0000','100 - FIRST ITEM',6,'9.99','6.99','59.94','6.00','3.60','56.34','27.00'),(19,2,'100-0001','100 - SECOND ITEM',6,'19.99','17.00','119.94','6.00','7.20','112.74','90.00'),(19,3,'100-0002','100 - THIRD ITEM',6,'29.99','20.00','179.94','6.00','10.80','169.14','60.00'),(20,1,'100-0000','100 - FIRST ITEM',3,'9.99','6.99','29.97','3.00','0.90','29.07','13.50'),(20,2,'100-0001','100 - SECOND ITEM',3,'19.99','17.00','59.97','3.00','1.80','58.17','45.00'),(20,3,'100-0002','100 - THIRD ITEM',3,'29.99','20.00','89.97','3.00','2.70','87.27','30.00'),(21,1,'100-0000','100 - FIRST ITEM',4,'9.99','6.99','39.96','4.00','1.60','38.36','18.00'),(21,2,'100-0001','100 - SECOND ITEM',4,'19.99','17.00','79.96','4.00','3.20','76.76','60.00'),(21,3,'100-0002','100 - THIRD ITEM',4,'29.99','20.00','119.96','4.00','4.80','115.16','40.00'),(22,1,'100-0000','100 - FIRST ITEM',4,'9.99','6.99','39.96','4.00','1.60','38.36','18.00'),(22,2,'100-0001','100 - SECOND ITEM',4,'19.99','17.00','79.96','4.00','3.20','76.76','60.00'),(22,3,'100-0002','100 - THIRD ITEM',4,'29.99','20.00','119.96','4.00','4.80','115.16','40.00'),(23,1,'100-0000','100 - FIRST ITEM',4,'9.99','6.99','39.96','4.00','1.60','38.36','18.00'),(23,2,'100-0001','100 - SECOND ITEM',4,'19.99','17.00','79.96','4.00','3.20','76.76','60.00'),(23,3,'100-0002','100 - THIRD ITEM',4,'29.99','20.00','119.96','4.00','4.80','115.16','40.00'),(24,1,'100-0000','100 - FIRST ITEM',1,'6.99','0.00','6.99','0.00','0.00','6.99',NULL),(24,2,'100-0001','100 - SECOND ITEM',2,'17.00','0.00','34.00','0.00','0.00','34.00',NULL),(24,3,'100-0002','100 - THIRD ITEM',3,'20.00','0.00','60.00','0.00','0.00','60.00',NULL),(25,1,'100-0000','100 - FIRST ITEM',45,'6.99','0.00','314.55','0.00','0.00','314.55','202.50'),(25,2,'100-0001','100 - SECOND ITEM',15,'17.00','0.00','255.00','0.00','0.00','255.00','225.00'),(26,1,'100-0000','100 - FIRST ITEM',25,'6.99','0.00','174.75','0.00','0.00','174.75','112.50'),(26,2,'100-0001','100 - SECOND ITEM',30,'17.00','0.00','510.00','0.00','0.00','510.00','450.00'),(26,3,'100-0002','100 - THIRD ITEM',12,'20.00','0.00','240.00','0.00','0.00','240.00','120.00'),(27,1,'100-0000','100 - FIRST ITEM',5,'6.99','0.00','34.95','0.00','0.00','34.95','22.50'),(27,2,'100-0001','100 - SECOND ITEM',8,'17.00','0.00','136.00','0.00','0.00','136.00','120.00'),(27,3,'100-0002','100 - THIRD ITEM',2,'20.00','0.00','40.00','0.00','0.00','40.00','20.00'),(28,1,'100-0002','100 - THIRD ITEM',5,'20.00','0.00','100.00','0.00','0.00','100.00','50.00'),(28,2,'100-0001','100 - SECOND ITEM',8,'17.00','0.00','136.00','0.00','0.00','136.00','120.00'),(29,1,'100-0000','100 - FIRST ITEM',1,'6.99','0.00','6.99','0.00','0.00','6.99','4.50'),(30,1,'100-0001','100 - SECOND ITEM',1,'17.00','0.00','17.00','0.00','0.00','17.00','15.00'),(31,1,'100-0002','100 - THIRD ITEM',1,'20.00','0.00','20.00','0.00','0.00','20.00','10.00'),(32,1,'101-0000','101 - FIRST ITEM',1,'8.00','0.00','8.00','0.00','0.00','8.00','5.50'),(33,1,'101-0002','101 - THIRD ITEM',1,'210.00','0.00','210.00','0.00','0.00','210.00','125.00'),(34,1,'100-0002','100 - THIRD ITEM',1,'20.00','0.00','20.00','0.00','0.00','20.00','10.00'),(35,1,'101-0001','101 - SECOND ITEM',1,'170.00','0.00','170.00','0.00','0.00','170.00','150.00'),(36,1,'100-0001','100 - SECOND ITEM',23,'17.00','0.00','391.00','0.00','0.00','391.00','345.00'),(37,1,'100-0000','100 - FIRST ITEM',1,'6.99','0.00','6.99','0.00','0.00','6.99','4.50'),(38,1,'100-0002','100 - THIRD ITEM',1,'29.99','20.00','29.99','1.00','0.30','29.69','10.00'),(39,1,'100-0000','100 - FIRST ITEM',1,'9.99','6.99','9.99','1.00','0.10','9.89','4.50'),(40,1,'100-0000','100 - FIRST ITEM',1,'9.99','6.99','9.99','1.00','0.10','9.89','4.50'),(41,1,'100-0000','100 - FIRST ITEM',1,'9.99','6.99','9.99','1.00','0.10','9.89','4.50'),(42,1,'100-0000','100 - FIRST ITEM',1,'9.99','6.99','9.99','1.00','0.10','9.89','4.50'),(43,1,'100-0001','100 - SECOND ITEM',1,'17.00','0.00','17.00','0.00','0.00','17.00','15.00'),(44,1,'100-0001','100 - SECOND ITEM',1,'17.00','0.00','17.00','0.00','0.00','17.00','15.00'),(45,1,'100-0001','100 - SECOND ITEM',1,'17.00','0.00','17.00','0.00','0.00','17.00','15.00'),(46,1,'100-0001','100 - SECOND ITEM',1,'17.00','0.00','17.00','0.00','0.00','17.00','15.00'),(50,1,'101-0001','101 - SECOND ITEM',1,'199.99','170.00','199.99','4.00','8.00','191.99','150.00'),(51,1,'100-0001','100 - SECOND ITEM',1,'17.00','0.00','17.00','0.00','0.00','17.00','15.00'),(51,2,'100-0002','100 - THIRD ITEM',2,'20.00','0.00','40.00','0.00','0.00','40.00','20.00'),(51,3,'101-0001','101 - SECOND ITEM',3,'170.00','0.00','510.00','0.00','0.00','510.00','450.00'),(52,1,'100-0000','100 - FIRST ITEM',1,'6.99','0.00','6.99','0.00','0.00','6.99','4.50'),(53,1,'100-0002','100 - THIRD ITEM',1,'20.00','0.00','20.00','0.00','0.00','20.00','10.00'),(54,1,'100-0001','100 - SECOND ITEM',1,'19.99','17.00','19.99','1.00','0.20','19.79','15.00'),(55,1,'100-0001','100 - SECOND ITEM',2,'19.99','17.00','39.98','1.00','0.40','39.58','30.00'),(56,1,'100-0000','100 - FIRST ITEM',1,'6.99','0.00','6.99','0.00','0.00','6.99','4.50'),(57,1,'100-0000','100 - FIRST ITEM',2,'6.99','0.00','13.98','0.00','0.00','13.98','9.00'),(58,1,'100-0000','100 - FIRST ITEM',1,'9.99','6.99','9.99','5.00','0.50','9.49','4.50'),(58,2,'100-0001','100 - SECOND ITEM',2,'19.99','17.00','39.98','8.00','3.20','36.78','30.00'),(59,1,'100-0000','100 - FIRST ITEM',8,'6.99','0.00','55.92','0.00','0.00','55.92','36.00'),(59,2,'100-0001','100 - SECOND ITEM',7,'17.00','0.00','119.00','0.00','0.00','119.00','105.00'),(59,3,'100-0002','100 - THIRD ITEM',6,'20.00','0.00','120.00','0.00','0.00','120.00','60.00'),(60,1,'100-0000','100 - FIRST ITEM',3,'9.99','6.99','29.97','3.00','0.90','29.07','13.50'),(60,2,'100-0001','100 - SECOND ITEM',4,'19.99','17.00','79.96','4.00','3.20','76.76','60.00'),(60,3,'100-0002','100 - THIRD ITEM',5,'29.99','20.00','149.95','5.00','7.50','142.45','50.00'),(61,1,'100-0000','100 - FIRST ITEM',6,'6.99','0.00','41.94','0.00','0.00','41.94','27.00'),(61,2,'100-0001','100 - SECOND ITEM',7,'17.00','0.00','119.00','0.00','0.00','119.00','105.00'),(61,3,'100-0002','100 - THIRD ITEM',8,'20.00','0.00','160.00','0.00','0.00','160.00','80.00'),(62,1,'100-0001','100 - SECOND ITEM',12,'19.99','17.00','239.88','12.00','28.79','211.09','180.00'),(62,2,'100-0002','100 - THIRD ITEM',13,'29.99','20.00','389.87','13.00','50.68','339.19','130.00'),(63,1,'100-0002','100 - THIRD ITEM',1,'20.00','0.00','20.00','0.00','0.00','20.00','10.00'),(63,2,'100-0001','100 - SECOND ITEM',1,'17.00','0.00','17.00','0.00','0.00','17.00','15.00'),(64,1,'100-0000','100 - FIRST ITEM',1,'9.99','6.99','9.99','1.00','0.10','9.89','4.50'),(64,2,'100-0002','100 - THIRD ITEM',3,'29.99','20.00','89.97','3.00','2.70','87.27','30.00'),(65,1,'100-0002','100 - THIRD ITEM',1,'20.00','0.00','20.00','0.00','0.00','20.00','10.00'),(65,2,'100-0001','100 - SECOND ITEM',2,'17.00','0.00','34.00','0.00','0.00','34.00','30.00'),(66,1,'101-0001','101 - SECOND ITEM',1,'199.99','170.00','199.99','1.00','2.00','197.99','150.00'),(66,2,'101-0002','101 - THIRD ITEM',1,'250.00','210.00','250.00','1.00','2.50','247.50','125.00'),(66,3,'100-0002','100 - THIRD ITEM',1,'29.99','20.00','29.99','1.00','0.30','29.69','10.00'),(66,4,'101-0002','101 - THIRD ITEM',3,'250.00','210.00','750.00','0.00','0.00','750.00','375.00'),(67,1,'100-0001','100 - SECOND ITEM',1,'17.00','0.00','17.00','0.00','0.00','17.00','15.00'),(67,2,'100-0002','100 - THIRD ITEM',2,'20.00','0.00','40.00','0.00','0.00','40.00','20.00'),(67,3,'101-0001','101 - SECOND ITEM',2,'170.00','0.00','340.00','0.00','0.00','340.00','300.00'),(67,4,'101-0002','101 - THIRD ITEM',3,'210.00','0.00','630.00','0.00','0.00','630.00','375.00');

/*Table structure for table `quoteheader` */

DROP TABLE IF EXISTS `quoteheader`;

CREATE TABLE `quoteheader` (
  `quotationNo` int(11) NOT NULL AUTO_INCREMENT,
  `repNo` varchar(3) DEFAULT NULL,
  `totalExVat` decimal(10,2) DEFAULT '0.00',
  `totalVat` decimal(10,2) DEFAULT '0.00',
  `totalPreRounding` decimal(10,2) DEFAULT '0.00',
  `rounding` decimal(10,2) DEFAULT '0.00',
  `totalPostRounding` decimal(10,2) DEFAULT '0.00',
  `orderDate` date DEFAULT NULL,
  `payType` varchar(13) DEFAULT NULL,
  `saleType` varchar(11) DEFAULT NULL,
  `totalCostPrice` decimal(10,2) DEFAULT '0.00',
  `custId` int(11) DEFAULT NULL,
  `name` varchar(30) DEFAULT NULL,
  `addressLine1` varchar(50) DEFAULT NULL,
  `addressLine2` varchar(50) DEFAULT NULL,
  `phone` varchar(15) DEFAULT NULL,
  PRIMARY KEY (`quotationNo`)
) ENGINE=InnoDB AUTO_INCREMENT=68 DEFAULT CHARSET=latin1;

/*Data for the table `quoteheader` */

insert  into `quoteheader`(`quotationNo`,`repNo`,`totalExVat`,`totalVat`,`totalPreRounding`,`rounding`,`totalPostRounding`,`orderDate`,`payType`,`saleType`,`totalCostPrice`,`custId`,`name`,`addressLine1`,`addressLine2`,`phone`) values (1,'001','9.89','2.27','12.16','0.84','13.00','2016-05-05','','RetailQuote','4.50',NULL,'Mr Aidan Grace','673 Primrose Grove, Wicklow','Co. Wicklow','87467542'),(2,'001','9.49','2.18','11.67','0.33','12.00','2016-05-05','','RetailQuote','4.50',NULL,'','','',''),(3,'001','8.49','1.95','10.44','-0.44','10.00','2016-05-05','','RetailQuote','4.50',NULL,'Mr Tiny','Little House','Dublin 24','54365476654'),(4,'001','7.99','1.84','9.83','-0.83','9.00','2016-05-05','','RetailQuote','4.50',NULL,'Mr William Oman','655 Primrose Grove, Wicklow','Co. Wicklow','84765656'),(5,'001','9.89','2.27','12.16','-0.16','12.00','2016-05-06','','RetailQuote','4.50',NULL,'Mr William Oman','655 Primrose Grove, Wicklow','Co. Wicklow','84765656'),(6,'001','8.49','1.95','10.44','0.56','11.00','2016-05-06','','RetailQuote','4.50',NULL,'soot','soot','soot','soot'),(7,'001','7.99','1.84','9.83','-0.83','9.00','2016-05-06','','RetailQuote','4.50',NULL,'soot','soot','soot','soot'),(8,'001','59.97','13.79','73.76','0.24','74.00','2016-05-06','','RetailQuote','29.50',NULL,'Mr Joe Bloggs','1 Main Street, Main Road,','Dublin 17','847543632'),(9,'001','39.58','9.10','48.68','0.00','48.68','2016-05-09','','RetailQuote','14.50',NULL,'','','',''),(10,'001','9.89','2.27','12.16','0.00','12.16','2016-05-09','','RetailQuote','4.50',NULL,'','','',''),(11,'001','128.95','29.66','158.61','0.00','158.61','2016-05-09','','TradeQuote','82.50',NULL,'','','',''),(12,'001','102.93','23.67','126.60','0.00','126.60','2016-05-09','','TradeQuote','71.50',NULL,'','','',''),(13,'001','1009.90','232.28','1242.18','0.00','1242.18','2016-05-09','','TradeQuote','645.00',NULL,'','','',''),(14,'001','6.99','1.61','8.60','0.00','8.60','2016-05-09','','TradeQuote','4.50',NULL,'','','',''),(15,'001','6.99','1.61','8.60','0.00','8.60','2016-05-09','','TradeQuote','4.50',NULL,'','','',''),(16,'001','66.99','15.41','82.40','0.00','82.40','2016-05-09','','TradeQuote','34.50',NULL,'','','',''),(17,'001','26.99','6.21','33.20','0.00','33.20','2016-05-09','','TradeQuote','14.50',NULL,'','','',''),(18,'001','9.89','2.27','12.16','0.00','12.16','2016-05-10','','RetailQuote','4.50',NULL,'Mr Test Quote','Testing address line1','Testing address line2','4565465465'),(19,'001','338.22','77.79','416.01','0.00','416.01','2016-05-11','','RetailQuote','177.00',NULL,'','','',''),(20,'001','174.51','40.14','214.65','0.00','214.65','2016-05-11','','RetailQuote','88.50',0,'','','',''),(21,'001','230.28','52.96','283.24','0.00','283.24','2016-05-11','','RetailQuote','118.00',11,'Mr Tiny','Little House','Dublin 24','54365476654'),(22,'001','230.28','52.96','283.24','0.00','283.24','2016-05-11','Cash','RetailQuote','118.00',11,'Mr Tiny','Little House','Dublin 24','54365476654'),(23,'001','230.28','52.96','283.24','0.00','283.24','2016-05-11','Cash','RetailQuote','118.00',11,'Mr Tiny','Little House','Dublin 24','54365476654'),(24,'001','100.99','23.23','124.22','0.00','124.22','2016-05-13','','TradeQuote','64.50',NULL,'','','',''),(25,'001','569.55','131.00','700.55','0.00','700.55','2016-05-13','','TradeQuote','427.50',0,'','','',''),(26,'001','924.75','212.69','1137.44','0.00','1137.44','2016-05-13','','TradeQuote','682.50',0,'','','',''),(27,'001','210.95','48.52','259.47','0.00','259.47','2016-05-13','','TradeQuote','162.50',4,'Mr  Fixit','He lives over there','Dublin 99','087453658'),(28,'001','236.00','54.28','290.28','0.00','290.28','2016-05-13','','TradeQuote','170.00',7,'Bob the builder','On TV','Next to the sofa','3432535'),(29,'001','6.99','1.61','8.60','0.00','8.60','2016-05-19','','TradeQuote','4.50',3,'Joe Soap','can i stay there','there, where, over there','0868346358463'),(30,'001','17.00','3.91','20.91','0.00','20.91','2016-05-19','','TradeQuote','15.00',5,'Fixer Upper','My House','My Road, Dublin 12','089 9999999'),(31,'001','20.00','4.60','24.60','0.00','24.60','2016-05-19','','TradeQuote','10.00',7,'Bob the builder','On TV','Next to the sofa','3432535'),(32,'001','8.00','1.84','9.84','0.00','9.84','2016-05-19','','AccQuote','5.50',0,'','','',''),(33,'001','210.00','48.30','258.30','0.00','258.30','2016-05-19','','AccQuote','125.00',0,'','','',''),(34,'','20.00','4.60','24.60','0.00','24.60','2016-05-19','','AccQuote','10.00',0,'','','',''),(35,'001','170.00','39.10','209.10','0.90','210.00','2016-05-19','','AccQuote','150.00',1,'Dimitri','Dont know where he lives','Dimitri Place','999'),(36,'001','391.00','89.93','480.93','-0.93','480.00','2016-06-02','','AccQuote','345.00',1,'Dimitri','Dont know where he lives','Dimitri Place','999'),(37,'001','6.99','1.61','8.60','0.40','9.00','2016-06-02','','AccQuote','4.50',1,'Dimitri','Dont know where he lives','Dimitri Place','999'),(38,'001','29.69','6.83','36.52','0.48','37.00','2016-06-07','','RetailQuote','10.00',0,'','','',''),(39,'001','9.89','2.27','12.16','0.00','12.16','2016-06-07','','RetailQuote','4.50',0,'','','',''),(40,'001','9.89','2.27','12.16','0.84','13.00','2016-06-07','','RetailQuote','4.50',0,'','','',''),(41,'001','9.89','2.27','12.16','-0.16','12.00','2016-06-07','','RetailQuote','4.50',0,'','','',''),(42,'001','9.89','2.27','12.16','-0.16','12.00','2016-06-07','','RetailQuote','4.50',0,'','','',''),(43,'001','17.00','3.91','20.91','0.09','21.00','2016-06-07','','TradeQuote','15.00',0,'','','',''),(44,'001','17.00','3.91','20.91','0.09','21.00','2016-06-07','','TradeQuote','15.00',0,'','','',''),(45,'001','17.00','3.91','20.91','-0.91','20.00','2016-06-07','','TradeQuote','15.00',0,'','','',''),(46,'001','17.00','3.91','20.91','-0.91','20.00','2016-06-07','','TradeQuote','15.00',0,'','','',''),(47,'001','21.32','4.90','26.22','-0.22','26.00','2016-06-07','','RetailQuote','11.00',0,'','','',''),(48,'001','21.32','4.90','26.22','-0.22','26.00','2016-06-07','','RetailQuote','11.00',0,'','','',''),(49,'001','21.32','4.90','26.22','-0.22','26.00','2016-06-07','','RetailQuote','11.00',0,'','','',''),(50,'001','191.99','44.16','236.15','-0.15','236.00','2016-06-07','','RetailQuote','150.00',0,'','','',''),(51,'001','567.00','130.41','697.41','0.00','697.41','2016-06-24','','AccQuote','485.00',1,'Dimitri','Dont know where he lives','Dimitri Place','999'),(52,'001','6.99','1.61','8.60','0.40','9.00','2016-06-27','','AccQuote','4.50',3,'Fred','Fred\'s House no5','Fred\'s Road, Dublin 1','5436554777'),(53,'001','20.00','4.60','24.60','-0.60','24.00','2016-06-27','','AccQuote','10.00',3,'Fred','Fred\'s House no5','Fred\'s Road, Dublin 1','5436554777'),(54,'001','19.79','4.55','24.34','-0.34','24.00','2016-06-28','','RetailQuote','15.00',0,'','','',''),(55,'001','39.58','9.10','48.68','0.32','49.00','2016-06-28','','RetailQuote','30.00',0,'','','',''),(56,'001','6.99','1.61','8.60','0.40','9.00','2016-06-28','','TradeQuote','4.50',0,'','','',''),(57,'001','13.98','3.22','17.20','-0.20','17.00','2016-06-28','','TradeQuote','9.00',0,'','','',''),(58,'001','46.27','10.64','56.91','-0.91','56.00','2016-06-28','','RetailQuote','34.50',43,'Mr Joe Bloggs','1 Main Street, Main Road,','Dublin 17','847543632'),(59,'001','294.92','67.83','362.75','0.25','363.00','2016-06-28','','TradeQuote','201.00',10,'Mr Paul Blake','5435 The Road, next to you','The Street, Co. Dublin','67868342'),(60,'001','248.28','57.10','305.38','-0.38','305.00','2016-06-29','','RetailQuote','123.50',54,'Ms Joesphine Higgins','23 Tarbuck Avenue','Croichester','43243243'),(61,'001','320.94','73.82','394.76','0.00','394.76','2016-06-29','','TradeQuote','212.00',8,'Blah','Blah','Blah','111111111'),(62,'001','550.28','126.56','676.84','0.00','676.84','2016-06-29','','RetailQuote','310.00',0,'','','',''),(63,'001','37.00','8.51','45.51','0.00','45.51','2016-06-29','','TradeQuote','25.00',0,'','','',''),(64,'001','97.16','22.35','119.51','0.49','120.00','2016-06-29','','RetailQuote','34.50',12,'Philip Johnson','643 Clonree Lane, Arloo','Dublin 6','84345334'),(65,'001','54.00','12.42','66.42','-0.42','66.00','2016-06-29','','TradeQuote','40.00',12,'Hammer Guy','Hammersford Lane','New HammerShire','657386254'),(66,'001','1225.18','281.79','1506.97','0.00','1506.97','2016-06-29','','RetailQuote','660.00',0,'','','',''),(67,'001','1027.00','236.21','1263.21','0.00','1263.21','2016-06-29','','TradeQuote','710.00',0,'','','','');

/*Table structure for table `receiptsettings` */

DROP TABLE IF EXISTS `receiptsettings`;

CREATE TABLE `receiptsettings` (
  `topBanner` tinyint(4) DEFAULT NULL,
  `topBannerX` int(11) DEFAULT NULL,
  `topBannerY` int(11) DEFAULT NULL,
  `verticalGridLines` tinyint(4) DEFAULT NULL,
  `bodyImage` tinyint(4) DEFAULT NULL,
  `bodyImageX` int(11) DEFAULT NULL,
  `bodyImageY` int(11) DEFAULT NULL,
  `vatRate` float DEFAULT NULL,
  `footerLine1` varchar(100) DEFAULT NULL,
  `footerLine2` varchar(100) DEFAULT NULL,
  `footerLine3` varchar(100) DEFAULT NULL
) ENGINE=InnoDB DEFAULT CHARSET=latin1;

/*Data for the table `receiptsettings` */

insert  into `receiptsettings`(`topBanner`,`topBannerX`,`topBannerY`,`verticalGridLines`,`bodyImage`,`bodyImageX`,`bodyImageY`,`vatRate`,`footerLine1`,`footerLine2`,`footerLine3`) values (1,30,20,1,0,195,310,23,'Returns are accepted up to 30 days from time of purchase','Returns must be complete, unused, in their original packaging and accompanied by a receipt','Please note, there is no return on powered goods testing testing testing testing testing');

/*Table structure for table `refundeddetail` */

DROP TABLE IF EXISTS `refundeddetail`;

CREATE TABLE `refundeddetail` (
  `refundId` int(11) NOT NULL AUTO_INCREMENT,
  `receiptNo` int(11) NOT NULL,
  `lineNo` int(11) NOT NULL,
  `refundDate` date DEFAULT NULL,
  `saleType` varchar(11) DEFAULT NULL,
  `itemCode` varchar(20) DEFAULT NULL,
  `itemDescription` varchar(60) DEFAULT NULL,
  `qty` int(11) DEFAULT NULL,
  `price` decimal(10,2) DEFAULT '0.00',
  `discValue` decimal(10,2) DEFAULT '0.00',
  `valueExVat` decimal(10,2) DEFAULT '0.00',
  `vat` decimal(10,2) DEFAULT '0.00',
  `valueIncVat` decimal(10,2) DEFAULT '0.00',
  `costPrice` decimal(10,2) DEFAULT '0.00',
  PRIMARY KEY (`refundId`)
) ENGINE=InnoDB AUTO_INCREMENT=23 DEFAULT CHARSET=latin1;

/*Data for the table `refundeddetail` */

insert  into `refundeddetail`(`refundId`,`receiptNo`,`lineNo`,`refundDate`,`saleType`,`itemCode`,`itemDescription`,`qty`,`price`,`discValue`,`valueExVat`,`vat`,`valueIncVat`,`costPrice`) values (1,5,1,NULL,NULL,'100-0001','100 - SECOND ITEM',1,'19.99','1.40','18.59','4.28','22.87','15.00'),(2,38,1,NULL,NULL,'100-0000','100 - FIRST ITEM',1,'9.99','0.40','9.59','2.21','11.80','4.50'),(3,38,2,NULL,NULL,'100-0001','100 - SECOND ITEM',1,'19.99','0.80','19.19','4.41','23.60','15.00'),(4,38,3,NULL,NULL,'100-0002','100 - THIRD ITEM',1,'29.99','1.20','28.79','6.62','35.41','10.00'),(5,121,1,NULL,NULL,'100-0000','100 - FIRST ITEM',1,'9.99','0.00','9.99','2.30','12.29','4.50'),(6,121,2,NULL,NULL,'100-0001','100 - SECOND ITEM',1,'19.99','0.00','19.99','4.60','24.59','15.00'),(7,121,3,NULL,NULL,'100-0002','100 - THIRD ITEM',1,'29.99','3.00','26.99','6.21','33.20','10.00'),(8,126,1,NULL,NULL,NULL,NULL,1,'9.99','0.00','9.99','2.30','12.29','4.50'),(9,126,2,NULL,NULL,NULL,NULL,1,'19.99','0.00','19.99','4.60','24.59','30.00'),(10,126,3,NULL,NULL,NULL,NULL,1,'29.99','3.00','26.99','6.21','33.20','30.00'),(11,128,1,NULL,NULL,'100-0000','100 - FIRST ITEM',1,'9.99','0.00','9.99','2.30','12.29','4.50'),(12,128,2,NULL,NULL,'100-0001','100 - SECOND ITEM',1,'19.99','0.00','19.99','4.60','24.59','15.00'),(13,128,3,NULL,NULL,'100-0002','100 - THIRD ITEM',1,'29.99','3.00','26.99','6.21','33.20','10.00'),(14,177,1,NULL,NULL,'100-0002','100 - THIRD ITEM',1,'29.99','1.50','28.49','6.55','35.04','10.00'),(15,38,1,NULL,NULL,'100-0000','100 - FIRST ITEM',1,'9.99','0.40','9.59','2.21','11.80','4.50'),(16,38,2,NULL,NULL,'100-0001','100 - SECOND ITEM',1,'19.99','0.80','19.19','4.41','23.60','15.00'),(17,38,3,NULL,NULL,'100-0002','100 - THIRD ITEM',1,'29.99','1.20','28.79','6.62','35.41','10.00'),(18,38,1,'2016-07-19','Retail','100-0000','100 - FIRST ITEM',1,'9.99','0.40','9.59','2.21','11.80','4.50'),(19,38,2,'2016-07-19','Retail','100-0001','100 - SECOND ITEM',1,'19.99','0.80','19.19','4.41','23.60','15.00'),(20,38,3,'2016-07-19','Retail','100-0002','100 - THIRD ITEM',1,'29.99','1.20','28.79','6.62','35.41','10.00'),(21,55,2,'2016-07-19','Trade','101-0002','101 - THIRD ITEM',1,'210.00','0.00','210.00','48.30','258.30','125.00'),(22,21,2,'2016-07-19','Account','100-0001','100 - SECOND ITEM',1,'17.00','0.00','17.00','3.91','20.91','15.00');

/*Table structure for table `staff` */

DROP TABLE IF EXISTS `staff`;

CREATE TABLE `staff` (
  `repCode` varchar(3) NOT NULL,
  `forename` varchar(20) DEFAULT NULL,
  `surname` varchar(20) DEFAULT NULL,
  PRIMARY KEY (`repCode`)
) ENGINE=InnoDB DEFAULT CHARSET=latin1;

/*Data for the table `staff` */

insert  into `staff`(`repCode`,`forename`,`surname`) values ('001','StaffMember1','First'),('002','StaffMember2','Second'),('003','StaffMember3','Third'),('004','StaffMember4','Fourth');

/*Table structure for table `suspenddetail` */

DROP TABLE IF EXISTS `suspenddetail`;

CREATE TABLE `suspenddetail` (
  `receiptNo` int(11) NOT NULL,
  `lineNo` int(11) NOT NULL,
  `itemCode` varchar(20) DEFAULT NULL,
  `itemDescription` varchar(60) DEFAULT NULL,
  `qty` int(11) NOT NULL,
  `price` decimal(10,2) DEFAULT '0.00',
  `tradePrice` decimal(10,2) DEFAULT '0.00',
  `valueExDiscount` decimal(10,2) DEFAULT '0.00',
  `discPercent` decimal(10,2) DEFAULT '0.00',
  `discValue` decimal(10,2) DEFAULT '0.00',
  `valueExVat` decimal(10,2) DEFAULT '0.00',
  `costPrice` decimal(10,2) DEFAULT '0.00',
  `refundedValue` decimal(10,2) DEFAULT '0.00',
  `dispatched` int(1) DEFAULT '0',
  `dispatchedDate` date DEFAULT NULL,
  `deleted` int(1) DEFAULT '0',
  `deletedDate` date DEFAULT NULL,
  PRIMARY KEY (`receiptNo`,`lineNo`)
) ENGINE=InnoDB DEFAULT CHARSET=latin1;

/*Data for the table `suspenddetail` */

insert  into `suspenddetail`(`receiptNo`,`lineNo`,`itemCode`,`itemDescription`,`qty`,`price`,`tradePrice`,`valueExDiscount`,`discPercent`,`discValue`,`valueExVat`,`costPrice`,`refundedValue`,`dispatched`,`dispatchedDate`,`deleted`,`deletedDate`) values (2,1,'100-0000','100 - FIRST ITEM',1,'9.99','6.99','9.99','5.00','0.50','9.49','4.50','0.00',1,'2016-07-11',0,NULL),(2,2,'100-0001','100 - SECOND ITEM',1,'19.99','17.00','19.99','10.00','2.00','17.99','15.00','0.00',1,'2016-07-11',0,NULL),(2,3,'100-0002','100 - THIRD ITEM',1,'29.99','20.00','29.99','15.00','4.50','25.49','10.00','0.00',1,'2016-07-11',0,NULL),(3,1,'100-0000','100 - FIRST ITEM',1,'9.99','6.99','9.99','10.00','1.00','8.99','4.50','0.00',0,NULL,0,NULL),(3,2,'101-0000','101 - FIRST ITEM',1,'10.99','8.00','10.99','10.00','1.10','9.89','5.50','0.00',0,NULL,0,NULL),(4,1,'100-0002','100 - THIRD ITEM',5,'29.99','20.00','149.95','10.00','14.99','134.96','50.00','0.00',0,NULL,0,NULL),(4,2,'101-0002','101 - THIRD ITEM',5,'250.00','210.00','1250.00','15.00','187.50','1062.50','625.00','0.00',0,NULL,0,NULL),(5,1,'100-0001','100 - SECOND ITEM',10,'19.99','17.00','199.90','10.00','19.99','179.91','150.00','0.00',0,NULL,0,NULL),(5,2,'101-0001','101 - SECOND ITEM',2,'199.99','170.00','399.98','10.00','40.00','359.98','300.00','0.00',0,NULL,0,NULL),(6,1,'100-0000','100 - FIRST ITEM',10,'9.99','6.99','99.90','10.00','9.99','89.91','45.00','0.00',0,NULL,1,'2016-07-11'),(6,2,'101-0000','101 - FIRST ITEM',10,'10.99','8.00','109.90','10.00','10.99','98.91','55.00','0.00',0,NULL,1,'2016-07-11'),(7,1,'100-0000','100 - FIRST ITEM',1,'9.99','6.99','9.99','0.00','0.00','9.99','4.50','0.00',0,NULL,1,'2016-07-11'),(7,2,'101-0002','101 - THIRD ITEM',1,'250.00','210.00','250.00','15.00','37.50','212.50','125.00','0.00',0,NULL,1,'2016-07-11'),(8,1,'100-0000','100 - FIRST ITEM',1,'9.99','6.99','9.99','10.00','1.00','8.99','4.50','0.00',0,NULL,1,'2016-07-08'),(8,2,'100-0001','100 - SECOND ITEM',1,'19.99','17.00','19.99','5.00','1.00','18.99','15.00','0.00',0,NULL,1,'2016-07-08'),(8,3,'100-0002','100 - THIRD ITEM',1,'29.99','20.00','29.99','15.00','4.50','25.49','10.00','0.00',0,NULL,1,'2016-07-08'),(9,1,'100-0000','100 - FIRST ITEM',1,'9.99','6.99','9.99','1.00','0.10','9.89','4.50','0.00',0,NULL,0,NULL),(10,1,'100-0001','100 - SECOND ITEM',12,'19.99','17.00','239.88','10.00','23.99','215.89','180.00','0.00',0,NULL,1,'2016-07-08'),(12,1,'100-0000','100 - FIRST ITEM',1,'6.99','0.00','6.99','0.00','0.00','6.99','4.50','0.00',0,NULL,0,NULL),(12,2,'100-0001','100 - SECOND ITEM',2,'17.00','0.00','34.00','0.00','0.00','34.00','30.00','0.00',0,NULL,0,NULL),(12,3,'100-0002','100 - THIRD ITEM',3,'20.00','0.00','60.00','0.00','0.00','60.00','30.00','0.00',0,NULL,0,NULL),(13,1,'100-0000','100 - FIRST ITEM',1,'6.99','0.00','6.99','0.00','0.00','6.99','4.50','0.00',0,NULL,0,NULL),(13,2,'100-0001','100 - SECOND ITEM',2,'17.00','0.00','34.00','0.00','0.00','34.00','30.00','0.00',0,NULL,0,NULL),(13,3,'101-0002','101 - THIRD ITEM',2,'210.00','0.00','420.00','0.00','0.00','420.00','250.00','0.00',0,NULL,1,'2016-07-21'),(14,1,'100-0000','100 - FIRST ITEM',1,'9.99','6.99','9.99','1.00','0.10','9.89','4.50','0.00',0,NULL,0,NULL),(14,2,'100-0001','100 - SECOND ITEM',2,'19.99','17.00','39.98','2.00','0.80','39.18','30.00','0.00',0,NULL,0,NULL),(14,3,'100-0002','100 - THIRD ITEM',3,'29.99','20.00','89.97','3.00','2.70','87.27','30.00','0.00',0,NULL,0,NULL),(14,4,'101-0002','101 - THIRD ITEM',4,'250.00','210.00','1000.00','10.00','100.00','900.00','500.00','0.00',0,NULL,0,NULL),(14,5,'101-0001','101 - SECOND ITEM',5,'199.99','170.00','999.95','9.00','90.00','909.95','750.00','0.00',0,NULL,0,NULL),(14,6,'101-0000','101 - FIRST ITEM',6,'10.99','8.00','65.94','8.00','5.28','60.66','33.00','0.00',0,NULL,0,NULL),(15,1,'100-0001','100 - SECOND ITEM',4,'17.00','0.00','68.00','0.00','0.00','68.00','60.00','0.00',0,NULL,0,NULL),(15,2,'101-0002','101 - THIRD ITEM',6,'210.00','0.00','1260.00','0.00','0.00','1260.00','750.00','0.00',0,NULL,0,NULL),(15,3,'100-0001','100 - SECOND ITEM',12,'17.00','0.00','204.00','0.00','0.00','204.00','180.00','0.00',0,NULL,0,NULL),(16,1,'100-0000','100 - FIRST ITEM',1,'9.99','6.99','9.99','10.00','1.00','8.99','4.50','0.00',0,NULL,1,'2016-07-11'),(16,2,'101-0000','101 - FIRST ITEM',1,'10.99','8.00','10.99','15.00','1.65','9.34','5.50','0.00',0,NULL,1,'2016-07-11'),(17,1,'100-0000','100 - FIRST ITEM',3,'9.99','6.99','29.97','5.00','1.50','28.47','13.50','0.00',0,NULL,0,NULL),(17,2,'100-0001','100 - SECOND ITEM',4,'19.99','17.00','79.96','1.00','0.80','79.16','60.00','0.00',0,NULL,0,NULL),(17,3,'100-0000','100 - FIRST ITEM',15,'9.99','6.99','149.85','10.00','14.98','134.87','67.50','0.00',0,NULL,0,NULL),(18,1,'101-0001','101 - SECOND ITEM',1,'170.00','0.00','170.00','0.00','0.00','170.00','150.00','0.00',0,NULL,0,NULL),(19,1,'101-0000','101 - FIRST ITEM',1,'8.00','0.00','8.00','0.00','0.00','8.00','5.50','0.00',0,NULL,0,NULL),(19,2,'101-0002','101 - THIRD ITEM',10,'210.00','0.00','2100.00','0.00','0.00','2100.00','1250.00','0.00',0,NULL,0,NULL),(19,3,'101-0000','101 - FIRST ITEM',4,'10.99','0.00','43.96','0.00','0.00','43.96','22.00','0.00',0,NULL,0,NULL),(20,1,'101-0000','101 - FIRST ITEM',11,'10.99','8.00','120.89','10.00','12.09','108.80','60.50','0.00',0,NULL,0,NULL),(21,1,'101-0001','101 - SECOND ITEM',4,'199.99','170.00','799.96','0.00','0.00','799.96','600.00','0.00',0,NULL,0,NULL),(21,2,'100-0000','100 - FIRST ITEM',30,'9.99','6.99','299.70','10.00','29.97','269.73','135.00','0.00',0,NULL,0,NULL),(22,1,'100-0001','100 - SECOND ITEM',1,'19.99','17.00','19.99','1.00','0.20','19.79','15.00','0.00',0,NULL,0,NULL),(22,2,'101-0001','101 - SECOND ITEM',2,'199.99','170.00','399.98','1.00','4.00','395.98','300.00','0.00',0,NULL,0,NULL),(22,3,'101-0000','101 - FIRST ITEM',30,'10.99','8.00','329.70','15.00','49.45','280.25','165.00','0.00',0,NULL,0,NULL),(23,1,'100-0000','100 - FIRST ITEM',1,'9.99','6.99','9.99','11.00','1.10','8.89','4.50','0.00',0,NULL,0,NULL),(23,2,'100-0001','100 - SECOND ITEM',2,'19.99','17.00','39.98','11.00','4.40','35.58','30.00','0.00',0,NULL,0,NULL),(23,3,'100-0002','100 - THIRD ITEM',10,'29.99','20.00','299.90','5.00','14.99','284.91','100.00','0.00',0,NULL,0,NULL),(24,1,'101-0001','101 - SECOND ITEM',1,'199.99','170.00','199.99','10.00','20.00','179.99','150.00','0.00',0,NULL,0,NULL),(24,2,'101-0001','101 - SECOND ITEM',1,'199.99','170.00','199.99','3.00','6.00','193.99','150.00','0.00',0,NULL,0,NULL),(24,3,'101-0002','101 - THIRD ITEM',2,'250.00','210.00','500.00','0.00','0.00','500.00','250.00','0.00',0,NULL,0,NULL),(25,1,'100-0001','100 - SECOND ITEM',1,'19.99','17.00','19.99','1.00','0.20','19.79','15.00','0.00',0,NULL,0,NULL),(25,2,'101-0002','101 - THIRD ITEM',3,'250.00','210.00','750.00','12.00','90.00','660.00','375.00','0.00',0,NULL,0,NULL),(26,1,'100-0002','100 - THIRD ITEM',3,'29.99','20.00','89.97','5.00','4.50','85.47','30.00','0.00',0,NULL,0,NULL),(26,2,'100-0002','100 - THIRD ITEM',3,'29.99','20.00','89.97','5.00','4.50','85.47','30.00','0.00',0,NULL,0,NULL),(27,1,'101-0002','101 - THIRD ITEM',1,'250.00','210.00','250.00','1.00','2.50','247.50','125.00','0.00',0,NULL,0,NULL),(27,2,'100-0000','100 - FIRST ITEM',11,'9.99','6.99','109.89','11.00','12.09','97.80','49.50','0.00',0,NULL,0,NULL),(28,1,'100-0002','100 - THIRD ITEM',1,'29.99','20.00','29.99','1.00','0.30','29.69','10.00','0.00',0,NULL,0,NULL),(28,2,'101-0000','101 - FIRST ITEM',11,'10.99','8.00','120.89','2.00','2.42','118.47','60.50','0.00',0,NULL,0,NULL),(28,3,'100-0001','100 - SECOND ITEM',10,'19.99','17.00','199.90','5.00','9.99','189.91','150.00','0.00',0,NULL,0,NULL),(28,4,'100-0002','100 - THIRD ITEM',1,'29.99','20.00','29.99','1.00','0.30','29.69','10.00','0.00',0,NULL,0,NULL),(29,1,'100-0000','100 - FIRST ITEM',22,'9.99','6.99','219.78','1.00','2.20','217.58','99.00','0.00',0,NULL,0,NULL),(29,2,'101-0000','101 - FIRST ITEM',22,'10.99','8.00','241.78','5.00','12.09','229.69','121.00','0.00',0,NULL,0,NULL),(29,3,'100-0001','100 - SECOND ITEM',1,'19.99','17.00','19.99','4.00','0.80','19.19','15.00','0.00',0,NULL,0,NULL),(29,4,'101-0002','101 - THIRD ITEM',3,'250.00','210.00','750.00','10.00','75.00','675.00','375.00','0.00',0,NULL,0,NULL),(30,1,'100-0002','100 - THIRD ITEM',1,'29.99','20.00','29.99','1.00','0.30','29.69','10.00','0.00',0,NULL,0,NULL),(30,2,'101-0000','101 - FIRST ITEM',5,'10.99','8.00','54.95','5.00','2.75','52.20','27.50','0.00',0,NULL,0,NULL),(30,3,'100-0000','100 - FIRST ITEM',2,'9.99','6.99','19.98','3.00','0.60','19.38','9.00','0.00',0,NULL,0,NULL),(30,4,'101-0000','101 - FIRST ITEM',1,'10.99','8.00','10.99','1.00','0.11','10.88','5.50','0.00',0,NULL,0,NULL),(30,5,'101-0001','101 - SECOND ITEM',2,'199.99','170.00','399.98','7.00','28.00','371.98','300.00','0.00',0,NULL,0,NULL),(31,1,'100-0001','100 - SECOND ITEM',1,'19.99','17.00','19.99','3.00','0.60','19.39','15.00','0.00',0,NULL,0,NULL),(31,2,'101-0000','101 - FIRST ITEM',15,'10.99','8.00','164.85','5.00','8.24','156.61','82.50','0.00',0,NULL,0,NULL),(31,3,'101-0002','101 - THIRD ITEM',2,'250.00','210.00','500.00','4.00','20.00','480.00','250.00','0.00',0,NULL,0,NULL),(32,1,'100-0001','100 - SECOND ITEM',1,'19.99','17.00','19.99','3.00','0.60','19.39','15.00','0.00',0,NULL,1,'2016-07-20'),(32,2,'101-0000','101 - FIRST ITEM',1,'10.99','8.00','10.99','1.00','0.11','10.88','5.50','0.00',0,NULL,0,NULL),(33,1,'101-0000','101 - FIRST ITEM',1,'10.99','8.00','10.99','3.00','0.33','10.66','5.50','0.00',1,'2016-07-11',0,NULL),(33,2,'101-0001','101 - SECOND ITEM',11,'199.99','170.00','2199.89','3.00','66.00','2133.89','1650.00','0.00',11,'2016-07-11',0,NULL),(33,3,'101-0002','101 - THIRD ITEM',3,'250.00','210.00','750.00','11.00','82.50','667.50','375.00','0.00',3,'2016-07-11',0,NULL),(34,1,'100-0000','100 - FIRST ITEM',11,'9.99','6.99','109.89','4.00','4.40','105.49','49.50','0.00',0,NULL,0,NULL),(34,2,'100-0001','100 - SECOND ITEM',22,'19.99','17.00','439.78','3.00','13.19','426.59','330.00','0.00',0,NULL,0,NULL),(34,3,'101-0000','101 - FIRST ITEM',10,'10.99','8.00','109.90','5.00','5.49','104.41','55.00','0.00',0,NULL,0,NULL),(35,1,'101-0000','101 - FIRST ITEM',1,'10.99','8.00','10.99','4.00','0.44','10.55','5.50','0.00',0,NULL,0,NULL),(35,2,'101-0001','101 - SECOND ITEM',10,'199.99','170.00','1999.90','10.00','199.99','1799.91','1500.00','0.00',0,NULL,0,NULL),(35,3,'100-0002','100 - THIRD ITEM',2,'29.99','20.00','59.98','1.00','0.60','59.38','20.00','0.00',0,NULL,0,NULL),(36,1,'100-0000','100 - FIRST ITEM',1,'9.99','6.99','9.99','1.00','0.10','9.89','4.50','0.00',0,NULL,0,NULL),(36,2,'100-0001','100 - SECOND ITEM',2,'19.99','17.00','39.98','2.00','0.80','39.18','30.00','0.00',0,NULL,0,NULL),(36,3,'100-0002','100 - THIRD ITEM',3,'29.99','20.00','89.97','3.00','2.70','87.27','30.00','0.00',0,NULL,0,NULL),(36,4,'101-0000','101 - FIRST ITEM',1,'10.99','8.00','10.99','1.00','0.11','10.88','5.50','0.00',0,NULL,0,NULL),(36,5,'101-0001','101 - SECOND ITEM',1,'199.99','170.00','199.99','1.00','2.00','197.99','150.00','0.00',0,NULL,0,NULL),(36,6,'101-0002','101 - THIRD ITEM',3,'250.00','210.00','750.00','3.00','22.50','727.50','375.00','0.00',0,NULL,0,NULL),(36,7,'100-0000','100 - FIRST ITEM',4,'9.99','6.99','39.96','4.00','1.60','38.36','18.00','0.00',0,NULL,0,NULL),(36,8,'100-0001','100 - SECOND ITEM',4,'19.99','17.00','79.96','4.00','3.20','76.76','60.00','0.00',0,NULL,0,NULL),(36,9,'100-0002','100 - THIRD ITEM',4,'29.99','20.00','119.96','4.00','4.80','115.16','40.00','0.00',0,NULL,0,NULL),(36,10,'101-0000','101 - FIRST ITEM',4,'10.99','8.00','43.96','4.00','1.76','42.20','22.00','0.00',0,NULL,0,NULL),(36,11,'101-0001','101 - SECOND ITEM',4,'199.99','170.00','799.96','4.00','32.00','767.96','600.00','0.00',0,NULL,0,NULL),(36,12,'101-0002','101 - THIRD ITEM',4,'250.00','210.00','1000.00','4.00','40.00','960.00','500.00','0.00',0,NULL,0,NULL),(36,13,'100-0000','100 - FIRST ITEM',6,'9.99','6.99','59.94','6.00','3.60','56.34','27.00','0.00',0,NULL,0,NULL),(36,14,'100-0001','100 - SECOND ITEM',6,'19.99','17.00','119.94','6.00','7.20','112.74','90.00','0.00',0,NULL,0,NULL),(36,15,'100-0002','100 - THIRD ITEM',6,'29.99','20.00','179.94','6.00','10.80','169.14','60.00','0.00',0,NULL,0,NULL),(36,16,'101-0000','101 - FIRST ITEM',6,'10.99','8.00','65.94','6.00','3.96','61.98','33.00','0.00',0,NULL,0,NULL),(36,17,'101-0001','101 - SECOND ITEM',6,'199.99','170.00','1199.94','6.00','72.00','1127.94','900.00','0.00',0,NULL,0,NULL),(36,18,'101-0002','101 - THIRD ITEM',6,'250.00','210.00','1500.00','6.00','90.00','1410.00','750.00','0.00',0,NULL,0,NULL),(36,19,'100-0000','100 - FIRST ITEM',5,'9.99','6.99','49.95','5.00','2.50','47.45','22.50','0.00',0,NULL,0,NULL),(36,20,'100-0001','100 - SECOND ITEM',5,'19.99','17.00','99.95','5.00','5.00','94.95','75.00','0.00',0,NULL,0,NULL),(36,21,'100-0002','100 - THIRD ITEM',5,'29.99','20.00','149.95','5.00','7.50','142.45','50.00','0.00',0,NULL,0,NULL),(36,22,'101-0000','101 - FIRST ITEM',5,'10.99','8.00','54.95','5.00','2.75','52.20','27.50','0.00',0,NULL,0,NULL),(36,23,'101-0001','101 - SECOND ITEM',5,'199.99','170.00','999.95','5.00','50.00','949.95','750.00','0.00',0,NULL,0,NULL),(36,24,'101-0002','101 - THIRD ITEM',5,'250.00','210.00','1250.00','5.00','62.50','1187.50','625.00','0.00',0,NULL,0,NULL),(37,1,'100-0000','100 - FIRST ITEM',5,'9.99','6.99','49.95','0.00','0.00','49.95','22.50','0.00',1,'2016-08-10',0,NULL),(37,2,'100-0002','100 - THIRD ITEM',10,'29.99','20.00','299.90','5.00','14.99','284.91','100.00','0.00',0,NULL,0,NULL),(37,3,'100-0001','100 - SECOND ITEM',7,'19.99','17.00','139.93','5.00','7.00','132.93','105.00','0.00',0,NULL,0,NULL),(38,1,'100-0000','100 - FIRST ITEM',10,'9.99','6.99','99.90','5.00','4.99','94.91','45.00','0.00',0,NULL,0,NULL),(38,2,'100-0001','100 - SECOND ITEM',10,'19.99','17.00','199.90','7.00','13.99','185.91','150.00','0.00',0,NULL,0,NULL),(38,3,'100-0002','100 - THIRD ITEM',10,'29.99','20.00','299.90','10.00','29.99','269.91','100.00','0.00',0,NULL,0,NULL),(40,1,'100-0000','100 - FIRST ITEM',2,'9.99','6.99','19.98','5.00','1.00','18.98','9.00','0.00',0,NULL,0,NULL),(40,2,'100-0001','100 - SECOND ITEM',3,'19.99','17.00','59.97','6.00','3.60','56.37','45.00','0.00',0,NULL,1,'2016-07-14'),(40,3,'100-0002','100 - THIRD ITEM',4,'29.99','20.00','119.96','7.00','8.40','111.56','40.00','0.00',0,NULL,0,NULL),(41,1,'100-0000','100 - FIRST ITEM',8,'9.99','6.99','79.92','5.00','4.00','75.92','36.00','0.00',0,NULL,0,NULL),(41,2,'100-0001','100 - SECOND ITEM',9,'19.99','17.00','179.91','6.00','10.79','169.12','135.00','0.00',0,NULL,1,'2016-07-14'),(41,3,'100-0002','100 - THIRD ITEM',10,'29.99','20.00','299.90','7.00','20.99','278.91','100.00','0.00',0,NULL,0,NULL),(42,1,'100-0000','100 - FIRST ITEM',6,'9.99','6.99','59.94','15.00','8.99','50.95','27.00','0.00',0,NULL,0,NULL),(42,2,'100-0001','100 - SECOND ITEM',2,'19.99','17.00','39.98','7.50','3.00','36.98','30.00','0.00',3,NULL,2,'2016-07-15'),(42,3,'100-0001','100 - SECOND ITEM',3,'19.99','17.00','59.97','7.50','4.50','55.47','45.00','0.00',3,'2016-07-15',0,NULL),(42,4,'100-0002','100 - THIRD ITEM',4,'29.99','20.00','119.96','10.00','12.00','107.96','40.00','0.00',0,NULL,0,NULL),(42,5,'101-0000','101 - FIRST ITEM',3,'10.99','8.00','32.97','5.00','1.65','31.32','16.50','0.00',0,NULL,0,NULL),(42,6,'101-0001','101 - SECOND ITEM',2,'199.99','170.00','399.98','10.00','40.00','359.98','300.00','0.00',0,NULL,0,NULL),(42,7,'101-0002','101 - THIRD ITEM',1,'250.00','210.00','250.00','12.50','31.25','218.75','125.00','0.00',0,NULL,0,NULL),(43,1,'100-0000','100 - FIRST ITEM',4,'9.99','6.99','39.96','5.00','2.00','37.96','18.00','0.00',0,'2016-07-15',4,'2016-07-15'),(43,2,'100-0000','100 - FIRST ITEM',6,'9.99','6.99','59.94','5.00','2.99','56.95','27.00','0.00',6,'2016-07-15',0,NULL),(44,1,'101-0000','101 - FIRST ITEM',3,'10.99','8.00','32.97','1.00','0.33','32.64','16.50','0.00',3,'2016-07-15',0,NULL),(45,1,'101-0000','101 - FIRST ITEM',4,'10.99','8.00','43.96','1.00','0.44','43.52','22.00','0.00',0,'2016-07-15',4,'2016-07-15'),(45,2,'101-0000','101 - FIRST ITEM',2,'10.99','8.00','21.98','1.00','0.22','21.76','11.00','0.00',2,'2016-07-15',0,NULL),(46,1,'100-0000','100 - FIRST ITEM',6,'9.99','6.99','59.94','10.00','5.99','53.95','27.00','0.00',0,NULL,0,NULL),(46,2,'100-0001','100 - SECOND ITEM',2,'19.99','17.00','39.98','7.50','3.00','36.98','30.00','0.00',0,'2016-07-15',2,'2016-07-15'),(46,3,'100-0001','100 - SECOND ITEM',3,'19.99','17.00','59.97','7.50','4.50','55.47','45.00','0.00',3,'2016-07-15',0,NULL),(47,1,'100-0001','100 - SECOND ITEM',2,'19.99','17.00','39.98','7.50','3.00','36.98','30.00','0.00',0,'2016-07-15',2,'2016-07-15'),(47,2,'100-0001','100 - SECOND ITEM',3,'19.99','17.00','59.97','7.50','4.50','55.47','45.00','0.00',3,'2016-07-15',0,NULL),(48,1,'100-0001','100 - SECOND ITEM',2,'19.99','17.00','39.98','7.50','3.00','36.98','30.00','0.00',0,NULL,2,'2016-07-15'),(48,2,'100-0001','100 - SECOND ITEM',3,'19.99','17.00','59.97','7.50','4.50','55.47','45.00','0.00',3,'2016-07-15',0,NULL);

/*Table structure for table `suspendheader` */

DROP TABLE IF EXISTS `suspendheader`;

CREATE TABLE `suspendheader` (
  `receiptNo` int(11) NOT NULL AUTO_INCREMENT,
  `repNo` varchar(3) DEFAULT NULL,
  `totalExVat` decimal(10,2) DEFAULT '0.00',
  `totalVat` decimal(10,2) DEFAULT '0.00',
  `totalPreRounding` decimal(10,2) DEFAULT '0.00',
  `rounding` decimal(10,2) DEFAULT '0.00',
  `totalPostRounding` decimal(10,2) DEFAULT '0.00',
  `orderDate` date DEFAULT NULL,
  `saleType` varchar(10) DEFAULT NULL,
  `totalCostPrice` decimal(10,2) DEFAULT '0.00',
  `custId` int(11) DEFAULT NULL,
  `name` varchar(30) DEFAULT NULL,
  `addressLine1` varchar(50) DEFAULT NULL,
  `addressLine2` varchar(50) DEFAULT NULL,
  `phone` varchar(15) DEFAULT NULL,
  `balance` decimal(10,2) DEFAULT '0.00',
  `paid` decimal(10,2) DEFAULT '0.00',
  `dispatchedDate` date DEFAULT NULL,
  `deleted` int(1) DEFAULT '0',
  `deletedDate` date DEFAULT NULL,
  PRIMARY KEY (`receiptNo`)
) ENGINE=InnoDB AUTO_INCREMENT=49 DEFAULT CHARSET=latin1;

/*Data for the table `suspendheader` */

insert  into `suspendheader`(`receiptNo`,`repNo`,`totalExVat`,`totalVat`,`totalPreRounding`,`rounding`,`totalPostRounding`,`orderDate`,`saleType`,`totalCostPrice`,`custId`,`name`,`addressLine1`,`addressLine2`,`phone`,`balance`,`paid`,`dispatchedDate`,`deleted`,`deletedDate`) values (1,'001','153.78','35.37','189.15','0.85','190.00','2016-07-04','Trade','99.00',3,'Fred','Fred\'s House no5','Fred\'s Road, Dublin 1','5436554777','190.00','0.00',NULL,0,NULL),(2,'001','52.97','12.18','65.15','-0.15','65.00','2016-07-06','Retail','29.50',0,'','','','','0.00','0.00','2016-07-11',0,NULL),(3,'001','18.88','4.34','23.22','-0.22','23.00','2016-07-06','Retail','10.00',0,'','','','','23.00','0.00',NULL,0,NULL),(4,'001','1197.46','275.42','1472.88','0.00','1472.88','2016-07-06','Retail','675.00',0,'','','','','1472.88','0.00',NULL,0,NULL),(5,'001','539.89','124.17','664.06','0.00','664.06','2016-07-06','Retail','450.00',0,'','','','','664.06','0.00',NULL,0,NULL),(6,'001','98.91','22.75','121.66','0.00','121.66','2016-07-06','Retail','55.00',0,'','','','','121.66','0.00',NULL,1,'2016-07-11'),(7,'001','222.49','51.17','273.66','0.00','273.66','2016-07-06','Retail','129.50',0,'','','','','273.66','0.00',NULL,1,'2016-07-11'),(8,'001','53.47','12.30','65.77','0.00','65.77','2016-07-06','Retail','29.50',10,'Mr William Oman','655 Primrose Grove, Wicklow','Co. Wicklow','84765656','65.77','0.00',NULL,1,'2016-07-08'),(9,'001','9.89','2.27','12.16','0.00','12.16','2016-07-06','Retail','4.50',0,'','','','','12.16','0.00',NULL,0,'2016-01-01'),(10,'001','215.89','49.65','265.54','0.00','265.54','2016-07-06','Retail','180.00',0,'','','','','265.54','0.00',NULL,1,'2016-07-08'),(12,'001','100.99','23.23','124.22','0.00','124.22','2016-07-07','Trade','64.50',5,'Fixer Upper','My House','My Road, Dublin 12','089 9999999','124.22','0.00',NULL,0,NULL),(13,'001','40.99','9.43','50.42','0.00','50.42','2016-07-07','Trade','34.50',7,'Bob the builder','On TV','Next to the sofa','3432535','50.42','0.00',NULL,0,NULL),(14,'001','2006.95','461.60','2468.55','0.00','2468.55','2016-07-08','Retail','1347.50',52,'Mr Patrick Down','43 High Block B, The Flats','Dublin 5','4354343','2468.55','0.00',NULL,0,NULL),(15,'001','1532.00','352.36','1884.36','0.00','1884.36','2016-07-08','Trade','990.00',13,'Mr Adhesive','Sticky Place, Sticky Road','Won\'t Move Village','48723764','1884.36','0.00',NULL,0,NULL),(16,'001','18.33','4.22','22.55','0.00','22.55','2016-07-08','Retail','10.00',0,'','','','','22.55','0.00',NULL,1,'2016-07-11'),(17,'001','242.50','55.77','298.27','-0.27','298.00','2016-07-08','Retail','141.00',54,'Ms Joesphine Higgins','23 Tarbuck Avenue','Croichester','43243243','298.00','0.00',NULL,0,NULL),(18,'001','170.00','39.10','209.10','-0.10','209.00','2016-07-08','Trade','150.00',15,'Mr Jig Saw','146 Carpenter Close','Carpenter Estate','4324324','209.00','0.00',NULL,0,NULL),(19,'001','2151.96','494.95','2646.91','0.00','2646.91','2016-07-08','Trade','1277.50',12,'Hammer Guy','Hammersford Lane','New HammerShire','657386254','2647.07','0.00',NULL,0,NULL),(20,'001','108.80','25.02','133.82','0.00','133.82','2016-07-08','Retail','60.50',0,'','','','','133.82','0.00',NULL,0,NULL),(21,'001','269.73','62.04','331.77','0.00','331.77','2016-07-08','Retail','135.00',0,'','','','','331.77','0.00',NULL,0,NULL),(22,'001','696.02','160.08','856.10','0.00','856.10','2016-07-08','Retail','480.00',0,'','','','','856.10','0.00',NULL,0,NULL),(23,'001','329.38','75.76','405.14','0.00','405.14','2016-07-08','Retail','134.50',0,'','','','','405.14','0.00',NULL,0,NULL),(24,'001','873.98','201.02','1075.00','0.00','1075.00','2016-07-08','Retail','550.00',0,'','','','','1075.00','0.00',NULL,0,NULL),(25,'001','679.79','156.35','836.14','0.00','836.14','2016-07-08','Retail','390.00',0,'','','','','836.14','0.00',NULL,0,NULL),(26,'001','827.97','190.43','1018.40','0.00','1018.40','2016-07-08','Retail','405.00',0,'','','','','1931.68','0.00',NULL,0,NULL),(27,'001','345.30','79.42','424.72','0.00','424.72','2016-07-08','Retail','174.50',0,'','','','','424.72','0.00',NULL,0,NULL),(28,'001','367.76','84.58','452.34','0.00','452.34','2016-07-08','Retail','230.50',4,'Mr Tiny','Little House','Dublin 24','54365476654','634.59','0.00',NULL,0,NULL),(29,'001','1141.46','262.54','1404.00','0.00','1404.00','2016-07-08','Retail','610.00',48,'Mr Off the Street','Nowhere','EveryWhere','45366754','1404.00','0.00',NULL,0,NULL),(30,'001','484.13','111.35','595.48','0.00','595.48','2016-07-08','Retail','352.00',43,'Mr Joe Bloggs','1 Main Street, Main Road,','Dublin 17','847543632','595.48','0.00',NULL,0,NULL),(31,'001','656.00','150.88','806.88','0.00','806.88','2016-07-08','Retail','347.50',3,'David Plunkett','45 George Street, The Lane','D 12','78253743','806.88','0.00',NULL,0,NULL),(32,'001','191.99','44.16','236.15','0.00','236.15','2016-07-08','Retail','150.00',10,'Mr William Oman','655 Primrose Grove, Wicklow','Co. Wicklow','84765656','236.15','0.00',NULL,0,NULL),(33,'001','2812.05','646.77','3458.82','0.00','3458.82','2016-07-08','Retail','2030.50',9,'Mr Aidan Grace','673 Primrose Grove, Wicklow','Co. Wicklow','87467542','458.82','0.00','2016-07-11',0,NULL),(34,'001','636.49','146.39','782.88','0.00','782.88','2016-07-08','Retail','434.50',55,'Mr Gerard Dunne','6 Main Road','Nocker Village','654654654','82.44','0.00',NULL,0,NULL),(35,'001','1869.84','430.06','2299.90','0.00','2299.90','2016-07-08','Retail','1525.50',50,'Mr James McCarthy','45 Shine Cresent','Shineville, Co Dublin','854543654','2299.90','0.00',NULL,0,NULL),(36,'001','8485.79','1951.73','10437.52','0.00','10437.52','2016-07-08','Retail','5245.00',53,'Niall Quinn','54 Sunerland Road','Sunderland','54365434','10437.52','0.00',NULL,0,NULL),(37,'001','467.79','107.59','575.38','0.00','575.38','2016-07-13','Retail','227.50',2,'Rob Forde','29 Arkview Lane','Arkview','4354354','575.38','0.00',NULL,0,NULL),(38,'001','455.82','104.84','560.66','0.00','560.66','2016-07-14','Retail','250.00',0,'','','','','560.26','0.00',NULL,0,NULL),(39,'001','447.49','102.92','550.41','-0.41','550.00','2016-07-14','Retail','227.50',54,'Ms Joesphine Higgins','23 Tarbuck Avenue','Croichester','43243243','550.00','0.00',NULL,0,NULL),(40,'001','130.54','30.02','160.56','0.00','160.56','2016-07-14','Retail','49.00',54,'Ms Joesphine Higgins','23 Tarbuck Avenue','Croichester','43243243','160.66','0.00',NULL,0,NULL),(41,'001','354.83','81.61','436.44','0.00','436.44','2016-07-14','Retail','136.00',49,'Mr Alan Johnson','32 Ardlane Cottages','Pembrook avenue, Co. Wicklow','7643626','436.44','0.00',NULL,0,NULL),(42,'001','824.43','189.62','1014.05','0.47','1013.58','2016-07-15','Retail','553.50',4,'Mr Tiny','Little House','Dublin 24','54365476654','1014.05','0.00',NULL,0,NULL),(43,'001','56.95','13.10','70.05','0.26','70.31','2016-07-15','Retail','27.00',2,'Rob Forde','29 Arkview Lane','Arkview','4354354','70.05','0.00','2016-07-15',0,NULL),(44,'001','32.64','7.51','40.15','-0.15','40.00','2016-07-15','Retail','16.50',54,'Ms Joesphine Higgins','23 Tarbuck Avenue','Croichester','43243243','40.00','0.00','2016-07-15',0,NULL),(45,'001','21.76','5.00','26.76','-0.29','26.47','2016-07-15','Retail','11.00',3,'David Plunkett','45 George Street, The Lane','D 12','78253743','26.76','0.00','2016-07-15',0,NULL),(46,'001','109.42','25.17','134.59','-0.07','134.52','2016-07-15','Retail','72.00',49,'Mr Alan Johnson','32 Ardlane Cottages','Pembrook avenue, Co. Wicklow','7643626','134.59','0.00',NULL,0,NULL),(47,'001','55.47','12.76','68.23','0.29','68.52','2016-07-15','Retail','45.00',13,'Mr Adhesive','Sticky Place, Sticky Road','Won\'t Move Village','48723764','68.23','0.00','2016-07-15',0,NULL),(48,'001','55.47','12.76','68.23','0.29','68.52','2016-07-15','Retail','45.00',3,'David Plunkett','45 George Street, The Lane','D 12','78253743','68.23','0.00','2016-07-15',0,NULL);

/*Table structure for table `suspendpayment` */

DROP TABLE IF EXISTS `suspendpayment`;

CREATE TABLE `suspendpayment` (
  `paymentSuspendId` int(11) NOT NULL AUTO_INCREMENT,
  `suspendOrder` int(11) DEFAULT NULL,
  `payDate` date DEFAULT NULL,
  `payType` varchar(13) DEFAULT NULL,
  `amount` decimal(10,2) DEFAULT '0.00',
  `comment` varchar(50) DEFAULT '""',
  PRIMARY KEY (`paymentSuspendId`)
) ENGINE=InnoDB AUTO_INCREMENT=4 DEFAULT CHARSET=latin1;

/*Data for the table `suspendpayment` */

insert  into `suspendpayment`(`paymentSuspendId`,`suspendOrder`,`payDate`,`payType`,`amount`,`comment`) values (2,33,'2016-07-18','Credit Card','3000.00','Here\'s the bulk of it'),(3,34,'2016-07-18','Bank Transfer','700.44','I\'m transferring the most of it');

/*Table structure for table `tradesman` */

DROP TABLE IF EXISTS `tradesman`;

CREATE TABLE `tradesman` (
  `tradesManID` int(11) NOT NULL AUTO_INCREMENT,
  `name` varchar(30) DEFAULT NULL,
  `addressLine1` varchar(50) DEFAULT NULL,
  `addressLine2` varchar(50) DEFAULT NULL,
  `phone` varchar(20) DEFAULT NULL,
  `deleted` tinyint(1) DEFAULT '0',
  PRIMARY KEY (`tradesManID`)
) ENGINE=InnoDB AUTO_INCREMENT=16 DEFAULT CHARSET=latin1;

/*Data for the table `tradesman` */

insert  into `tradesman`(`tradesManID`,`name`,`addressLine1`,`addressLine2`,`phone`,`deleted`) values (1,'Dimitri','Dont know where he lives','Dimitri Place','999',0),(2,'Pat Fizzer','anywhere that il have me','maybe your place','666',0),(3,'Joe Soap','can i stay there','there, where, over there','0868346358463',0),(4,'Mr  Fixit','He lives over there','Dublin 99','087453658',0),(5,'Fixer Upper','My House','My Road, Dublin 12','089 9999999',0),(6,'Del Me','HERE, HERE, HERE','There, There, There','5746736536',1),(7,'Bob the builder','On TV','Next to the sofa','3432535',0),(8,'Blah','Blah','Blah','111111111',0),(9,'Jack Hammer','Jacks house, Jacks road','County Jack','6464646',1),(10,'Mr Paul Blake','5435 The Road, next to you','The Street, Co. Dublin','67868342',0),(11,'Mr Donkey','The Field by the river','Next to the Village beside you','4343254',0),(12,'Hammer Guy','Hammersford Lane','New HammerShire','657386254',0),(13,'Mr Adhesive','Sticky Place, Sticky Road','Won\'t Move Village','48723764',0),(14,'aa','a','abc','2',1),(15,'Mr Jig Saw','146 Carpenter Close','Carpenter Estate','4324324',0);

/*!40101 SET SQL_MODE=@OLD_SQL_MODE */;
/*!40014 SET FOREIGN_KEY_CHECKS=@OLD_FOREIGN_KEY_CHECKS */;
/*!40014 SET UNIQUE_CHECKS=@OLD_UNIQUE_CHECKS */;
/*!40111 SET SQL_NOTES=@OLD_SQL_NOTES */;
